customer_id,age,location,tenure_months,avg_call_duration,calls_per_day,data_usage_mb_per_day,monthly_charge,payment_delay_days,num_complaints,days_since_last_activity,churn
1,56,Makeni,29,7.587945476302646,14,1217.3840441842215,19.82177084203147,18,2,10,0
2,41,Freetown,36,7.372653200164409,7,90.13976387681477,97.14143595538945,11,1,59,1
3,38,Freetown,12,1.2075618253727418,11,1073.3105875038589,42.98679231294927,27,3,15,1
4,32,Bo,47,4.442157921404465,18,1967.3002273232369,49.34247485855809,4,2,6,0
5,38,Freetown,39,9.539969835279999,17,1932.9824644953908,81.79774807106381,8,1,52,1
6,19,Makeni,28,7.149371669429124,14,1239.4934826761107,84.15351661493561,2,0,35,1
7,67,Makeni,4,4.8264028704212025,1,455.4862425929682,58.93153114289919,28,1,25,0
8,61,Bo,10,6.381099809299767,3,1847.6547582950777,13.406787694932353,22,3,56,1
9,57,Freetown,16,3.442141285965063,12,1666.0381428462622,38.89156603589098,27,3,59,1
10,62,Freetown,29,2.4874024515670223,14,80.49099314532816,45.22314066710511,0,3,7,1
11,41,Kenema,11,7.361716094628554,18,1471.5639776799253,78.27068293516484,4,1,38,1
12,58,Makeni,7,6.609683141448022,8,695.2511484626659,11.038043277172246,22,4,34,1
13,61,Makeni,22,5.249934326457543,2,283.2087795796883,72.75825478618452,0,4,25,1
14,31,Kenema,27,7.3959660071720865,8,266.2371005830711,46.73696767724816,18,0,51,1
15,49,Makeni,30,3.2436300623398746,4,850.246699919478,76.77735816158962,3,4,31,1
16,24,Kenema,51,6.619186433204139,1,626.4856873835423,15.021954683875707,27,3,43,1
17,61,Makeni,30,3.9191051890474657,10,288.07151166631303,38.84829461731262,29,0,0,0
18,44,Bo,57,4.173119707007521,19,644.3234534081566,20.642306048579464,26,0,36,1
19,50,Kenema,42,3.1971297002299677,11,378.1675322372146,25.782600859441672,23,0,51,1
20,66,Bo,49,3.221884565547411,19,1407.7933320375873,72.665706042822,4,0,55,1
21,34,Kenema,49,5.524111209059753,1,150.38356493747924,31.471414102478086,0,0,18,1
22,19,Freetown,44,3.178497443603504,5,1360.6643174414633,77.35386345622817,26,0,37,1
23,41,Freetown,52,6.7017673968480524,1,1094.760633945779,13.577528155168789,0,0,59,1
24,23,Makeni,29,6.318036488694176,2,1371.2505055924507,6.575843748146335,2,2,19,0
25,49,Kenema,52,7.218439642922194,8,804.133925286048,93.98934892998977,0,2,27,0
26,42,Bo,23,3.3214746494364005,9,1336.9688897666492,82.63610901911551,24,3,59,1
27,66,Bo,1,9.688774161599143,15,1138.6722345338403,88.85045260298727,22,0,40,1
28,52,Kenema,48,9.073992339573193,15,1779.8185273169788,79.08817685647426,23,3,10,1
29,66,Makeni,36,7.020894292428058,5,1182.3389118010866,40.366862823365594,24,2,24,0
30,46,Bo,46,5.37052378227604,17,924.4270788231823,99.47345894802797,3,0,3,0
31,50,Bo,21,7.718422646062217,15,1316.7841531420686,85.6762239969469,16,0,47,1
32,29,Kenema,51,6.308837628044895,13,1958.8410736362675,51.24050453114823,7,2,26,0
33,51,Freetown,30,6.192134961637232,0,1010.4095029467846,23.54808384081423,28,2,3,0
34,52,Makeni,49,9.95095459717607,16,966.3918022823387,31.558232470692065,5,2,59,1
35,58,Freetown,24,5.974884701519409,16,1165.9703148831347,98.13150045302434,19,4,20,1
36,49,Kenema,33,2.5254347201748324,2,1135.762461793783,93.93470354527419,25,2,39,1
37,63,Makeni,50,9.91048465093837,14,323.16382971122187,54.24131697455499,1,1,16,0
38,57,Freetown,9,7.380198972191067,10,1127.99895497042,33.16846364654086,25,2,49,1
39,42,Makeni,13,5.513646652184796,6,1606.6755989852115,66.7465734238877,13,3,50,1
40,40,Kenema,28,1.845837458567821,1,1177.6462749425393,8.414516010690498,24,1,21,0
41,39,Freetown,52,8.403405045936925,9,752.3717507519626,17.070748701929055,0,4,59,1
42,61,Makeni,5,1.768127184943912,6,150.77935627878503,55.47868999897406,14,2,54,1
43,57,Makeni,16,9.72583180402743,12,1443.4604531509067,8.901414092948201,23,2,27,0
44,43,Freetown,26,7.1964991068882975,8,163.47751124146504,91.94530412451564,14,1,31,1
45,65,Freetown,40,3.5194050725134858,12,1911.9872972932285,75.10020708609801,4,4,54,1
46,20,Makeni,26,2.4278180287824194,15,284.32106322100225,37.47856833805815,27,4,46,1
47,66,Bo,46,2.577972429004047,19,83.46414857191296,77.51962018537154,20,3,32,1
48,47,Freetown,23,9.542311584322473,9,1779.0267552311927,29.784894217462824,9,1,18,0
49,49,Freetown,56,7.15567392458327,4,1250.909770560332,94.66970243327194,1,0,27,0
50,49,Kenema,20,4.493529335858697,11,1304.4120259625886,48.53402459669408,18,2,36,1
51,29,Kenema,1,6.863362946720092,0,453.0345017596535,31.026307095507708,11,1,50,1
52,67,Kenema,23,6.90150371842668,16,801.5234108828519,69.75329855241503,29,1,50,1
53,58,Kenema,4,6.660485621018956,17,1761.0704263777532,74.83174916136915,20,4,56,1
54,53,Bo,37,6.116682553749625,8,1173.052921753265,74.50653675346582,3,1,48,1
55,56,Makeni,24,3.1473717381130615,4,1375.6973208054794,75.29133224250057,2,0,29,0
56,34,Freetown,20,4.5065627759728315,15,630.3885902931562,14.498564280377021,3,3,40,1
57,36,Makeni,9,9.611207966138107,6,1369.7013136273915,50.83949021605103,25,4,4,1
58,52,Makeni,25,7.052666104693346,19,1517.1303324034761,80.2000091539556,24,4,52,1
59,59,Bo,39,5.94575994091362,13,910.9844776780852,89.33189736203848,10,2,17,0
60,64,Makeni,9,8.532674868136365,9,1740.3939753561406,84.65567255757858,13,4,39,1
61,59,Freetown,50,1.7321390257770979,1,215.43354246612424,98.73075995761167,15,4,0,1
62,39,Makeni,17,9.874009574405838,6,1519.0874612549362,40.744660625437,18,4,43,1
63,56,Kenema,10,2.000777340755362,18,1010.6189533671753,6.078596252904811,27,1,19,0
64,45,Makeni,41,7.71440391338881,6,1187.5690919394613,96.40639210508148,27,0,24,0
65,50,Bo,53,8.218983241240608,5,1956.9063040708281,57.820478671045535,14,4,15,1
66,38,Kenema,37,5.984688559611887,3,1940.139944457243,54.694295196164134,8,0,13,0
67,32,Kenema,1,9.110422094418901,2,138.62044166584286,31.69150301126188,15,3,23,1
68,45,Freetown,8,5.173285644459839,3,739.036844650803,60.44733062583285,27,4,40,1
69,53,Makeni,27,3.5178715645205116,16,851.8531057007632,62.26427879221336,15,4,12,1
70,63,Kenema,6,4.749751519646313,17,1183.2671113026113,92.32177242437815,9,1,58,1
71,62,Freetown,55,7.99842055361703,0,986.7216596393915,98.60217481322292,10,4,25,1
72,42,Bo,59,8.54495834240024,16,963.9516616001921,44.40785272207819,0,4,47,1
73,23,Makeni,17,9.997459059575176,4,1993.4418322941156,57.766012032249606,4,4,36,1
74,27,Bo,19,3.1697634909666865,16,449.83839058772355,28.887031753620853,12,4,3,1
75,18,Freetown,40,4.223464462295564,1,271.4373047892766,68.79945358131596,1,2,58,1
76,67,Makeni,1,6.0484417438184765,11,1759.4745251837728,43.330872290177716,15,4,20,1
77,31,Bo,11,9.128359528089636,18,1253.6642385897194,98.1439588837759,17,1,17,0
78,47,Kenema,27,9.137428250443735,18,729.0981606954357,53.82900147018203,23,3,29,1
79,59,Kenema,17,8.168245981064896,4,945.7262754950362,84.99868442677742,16,3,19,1
80,41,Freetown,34,5.4335628459358265,5,691.065640060641,65.17308116008894,15,2,50,1
81,64,Freetown,23,2.3671242416106493,15,320.71298666634976,65.8831007563054,7,3,55,1
82,42,Kenema,32,5.637124493777898,2,1947.5651810767033,62.18386257639122,18,2,20,0
83,22,Bo,28,2.5930943584907213,9,222.96994082625844,16.460407754557075,8,3,25,1
84,63,Bo,49,3.9708956197913987,13,677.0863911260566,13.767605691730878,14,0,21,0
85,64,Makeni,30,9.287851604786319,10,169.10202171698432,31.303376573984355,0,0,34,1
86,69,Kenema,47,6.564292943772664,13,769.3815971610562,48.94079803264905,12,1,13,0
87,68,Kenema,3,8.599966053702659,14,1511.7516524167454,7.894854509691445,17,1,37,1
88,52,Kenema,15,2.6405549062836227,4,1149.731929436731,84.86744865840346,21,1,43,1
89,42,Freetown,13,5.265729472875005,19,742.4533913946443,66.63816982769973,17,3,46,1
90,39,Bo,47,6.278818911946832,7,1150.6941579191505,40.983399465372486,4,3,25,1
91,51,Kenema,56,3.973136331528226,12,1870.6990563317554,5.7157644977371005,20,3,29,1
92,28,Bo,30,1.7221037109547799,8,1072.7972096619965,43.98769856401784,3,1,19,0
93,45,Kenema,4,8.353648638543518,14,552.9105127376326,21.234320802056253,18,0,1,0
94,32,Kenema,8,8.547243028323622,18,449.90124229144527,96.95943631790226,3,2,19,0
95,50,Makeni,49,2.033531422652832,11,1240.7090827611835,32.4199025578243,4,2,35,1
96,30,Kenema,3,4.323074333589065,0,935.8225458272443,57.11729620412456,9,3,1,1
97,30,Makeni,2,3.2917658928738747,19,1378.9303083366622,77.22164668952023,10,2,29,0
98,48,Freetown,5,4.6766646364232525,11,1869.2292308449116,99.13830026345211,1,3,34,1
99,52,Freetown,40,8.451467984597429,7,1513.4787532923613,80.95602743735398,2,4,36,1
100,22,Kenema,59,5.707588822922074,13,749.7194440408299,88.33405137724529,24,1,39,1
101,25,Kenema,40,9.097007007629559,13,1266.9980111545833,56.27920088189014,14,0,24,0
102,34,Freetown,47,5.891975750025898,1,1817.6206163808665,64.30260961182924,18,2,6,0
103,68,Makeni,42,8.146226703432664,19,1259.1418740606014,55.67880373775054,6,2,35,1
104,46,Bo,57,7.362824151191131,0,1568.2152811489646,18.597158627104612,3,1,9,0
105,22,Kenema,10,1.9262442766973051,0,1096.1386353949597,40.98804872790699,12,3,55,1
106,32,Freetown,8,5.37721733796047,4,847.4625953167118,78.32878815683328,26,2,50,1
107,53,Makeni,26,6.391264282995938,10,1662.2577142277028,96.11210548358264,7,1,45,1
108,60,Makeni,26,2.252045747287557,12,246.54947588097866,29.32147552609791,7,3,42,1
109,29,Makeni,36,7.26985741489203,15,1848.8737932957265,72.18767025977287,9,0,27,0
110,48,Bo,9,7.627998120622506,18,1872.015678799579,92.92900872614375,22,0,45,1
111,54,Freetown,26,2.676887915447086,13,1683.1070385548596,36.5539092022192,21,2,39,1
112,32,Freetown,47,7.698246866589599,8,450.88062633249314,79.84003942787677,25,0,34,1
113,69,Freetown,26,9.306642086186363,10,958.1152385216857,50.67951291846199,26,0,42,1
114,61,Kenema,51,2.4896198568517645,6,116.06436248086023,34.58995125761196,28,2,21,0
115,43,Makeni,50,2.6023237018277627,16,1924.0871190654375,19.12295913654573,21,3,39,1
116,66,Kenema,1,4.575863039118381,12,882.2383654066614,80.97929209705559,29,4,48,1
117,62,Freetown,30,6.083570199363548,15,178.1318468852871,78.675123586026,14,1,1,0
118,45,Freetown,50,7.888206529596166,5,250.81388469606526,36.76446707449581,22,2,31,1
119,27,Bo,19,5.739206199933644,13,1611.462054397936,97.99848638351631,17,4,7,1
120,18,Freetown,55,3.0796731692926427,2,1360.1908500175205,6.872501086664595,21,0,46,1
121,54,Kenema,51,6.010494263050295,0,1455.5855378054878,81.50492189900098,23,2,15,0
122,21,Makeni,37,3.6383295723491194,13,1797.8548461161836,6.235182733519924,6,0,22,0
123,38,Kenema,48,6.247374048727229,18,871.777873655371,89.8038125523126,14,4,19,1
124,28,Bo,2,6.31265448263327,2,572.7240996046087,64.29414624566773,5,0,33,1
125,61,Kenema,52,2.261018581898073,11,1743.51255300093,51.3059638337038,13,0,49,1
126,68,Freetown,14,5.874707931947802,8,1285.2825286609873,29.499330116154216,21,2,45,1
127,21,Bo,58,7.220996718486889,12,1382.2085200686888,83.14546821160903,20,1,35,1
128,58,Bo,34,4.6472327922491985,16,1020.0565432607866,73.4192452550681,20,1,21,0
129,38,Kenema,57,7.589661206131561,5,538.9247880951157,65.14431601895751,20,1,44,1
130,34,Bo,21,1.4226937009754954,13,374.2525690743548,75.1131935605052,18,4,35,1
131,68,Bo,29,3.598243630936299,10,743.5617971066508,73.30936099250331,6,2,53,1
132,51,Kenema,47,5.353794477391714,4,576.3268836647801,56.285063996278375,18,2,51,1
133,60,Freetown,59,2.392049267949126,12,1265.4984742647318,50.05254432653511,8,0,39,1
134,34,Freetown,25,6.384574524413392,10,946.3789498842057,12.213673985114099,17,4,43,1
135,61,Kenema,30,6.312076001821784,5,753.8990990330523,13.700296966030244,26,0,16,0
136,27,Freetown,55,2.666196359547577,16,1106.7068473877985,87.92985440825879,7,4,16,1
137,40,Freetown,54,8.642760864087872,15,536.8526172754125,51.49537154609835,14,2,25,0
138,58,Freetown,26,1.3974889393909016,14,1197.1143260913655,99.93858245875431,25,4,21,1
139,24,Bo,15,3.676141066352957,6,1852.5725809842343,97.25053329070994,22,4,17,1
140,48,Bo,52,5.096293165325405,6,1068.7474233387793,66.2319318094531,13,2,43,1
141,62,Bo,3,5.772386193714102,4,910.0127154089151,43.42611771977582,6,0,3,0
142,46,Bo,25,6.633022387933082,12,1777.656609060565,63.50700287731893,29,1,54,1
143,52,Bo,34,5.760434206244907,12,1881.1820121001476,80.88440739849821,6,3,28,1
144,66,Freetown,53,6.64754916896533,11,1753.6703726633605,98.48792957393303,9,0,38,1
145,37,Freetown,1,1.994267018182552,16,741.5132073995143,32.287704207137764,3,1,36,1
146,42,Makeni,1,1.4059060949829085,13,263.46181742427456,42.20486335133383,3,3,58,1
147,54,Freetown,37,6.296988060759208,10,1965.5445044061591,88.99890292249277,23,2,12,0
148,51,Freetown,7,1.5848776853460462,19,833.0814610297006,84.59344485190832,21,4,50,1
149,62,Bo,10,2.5887522880495744,10,479.9481076868419,22.71163490370418,2,4,4,1
150,64,Kenema,49,9.349770548756917,8,1990.0702541605488,21.520048675851292,9,2,49,1
151,35,Bo,17,8.34249812491556,2,487.65911508148827,26.262673408149194,14,0,8,0
152,21,Bo,37,5.116888879963366,1,812.7810438567406,30.93114061134992,28,0,2,0
153,42,Bo,12,8.285644672523903,9,1327.7218622460923,57.33145020786824,26,1,23,0
154,32,Bo,8,1.4390522350585577,4,1088.574912831486,96.40158739624474,15,4,27,1
155,22,Freetown,17,5.4563187431257685,17,987.1438257869636,61.27873954265417,25,2,55,1
156,57,Bo,40,3.403254431524792,12,1763.3284733925582,80.75547205265816,7,3,32,1
157,65,Freetown,13,3.1482102817091575,10,1863.6761834939903,15.05423891371548,26,3,6,1
158,22,Kenema,45,8.911643322053184,18,60.033082971693794,82.89495715376951,20,1,35,1
159,19,Bo,13,1.0574728454515023,11,609.7243596910799,63.60805724569551,16,0,16,0
160,57,Kenema,34,8.018608556360292,12,258.6122457125689,77.29765073769266,9,0,31,1
161,51,Kenema,28,9.388252949590157,14,249.89396958182454,94.03670628746286,3,1,3,0
162,44,Makeni,17,1.6061554132189453,11,1185.2323973437328,37.85889041053089,25,2,17,0
163,67,Bo,47,7.746866485686322,11,303.66816825473234,77.03500361325715,6,4,10,1
164,50,Bo,47,8.369070790213843,14,542.3920618923453,5.097800585335173,1,1,28,0
165,21,Freetown,35,8.687887970154094,12,1077.6969876131311,83.46247275099017,10,3,31,1
166,19,Kenema,14,6.890600928530217,19,582.8560776465082,95.33203841378898,11,3,28,1
167,38,Kenema,16,6.74673352897677,4,825.3090760274489,31.05044422312365,2,2,0,0
168,55,Kenema,34,1.2802067459606024,2,1320.7503094829758,40.01000265375731,14,3,15,1
169,44,Makeni,46,1.820480413655725,16,349.63317441416973,48.10089528750186,17,3,6,1
170,20,Freetown,44,2.669129872089889,2,951.0897169930382,5.11702434081046,6,0,43,1
171,37,Makeni,9,3.029861281993619,5,363.60966470247064,66.89434934621514,20,4,1,1
172,41,Makeni,11,2.346225784008092,12,955.9672634398298,69.6433795041359,17,2,44,1
173,42,Freetown,38,1.3565694281352143,8,986.9885471527664,14.968366949726612,16,3,56,1
174,63,Makeni,15,5.341207433964324,15,460.18168084179376,37.87157392625976,7,1,59,1
175,50,Bo,33,8.942801372376401,0,210.8916421588215,83.32883445519921,25,1,37,1
176,56,Bo,46,8.392966552088797,17,130.30781579457977,68.68661854366917,7,2,2,0
177,23,Freetown,6,1.4677415528632518,8,1105.5278538370874,72.36074934783706,7,1,27,0
178,37,Bo,47,6.947381064693256,6,1128.3528325543189,61.76020695003336,21,1,2,0
179,58,Makeni,42,1.7346698382753063,13,167.6865637815994,28.47480723096391,12,0,44,1
180,68,Bo,19,4.032062125939961,13,405.1299355929636,80.02135817853552,22,2,43,1
181,35,Bo,18,3.0560926719816885,18,1992.8511363106468,97.6053504039444,2,3,9,1
182,68,Kenema,29,3.3191459966009234,14,952.1147656416668,87.48588801379616,25,4,23,1
183,37,Freetown,4,7.909514992601022,11,1034.4475196913847,56.6135497195124,18,0,35,1
184,51,Makeni,36,6.379512087302779,1,1596.2643844809816,67.22588718905031,18,2,57,1
185,29,Kenema,45,6.684041980832685,17,1479.5703937097978,17.498930087089683,7,3,47,1
186,47,Kenema,42,4.3556377347004105,11,1049.59965015132,44.23796159153122,5,4,40,1
187,64,Bo,56,4.233100324597891,6,1206.2541602981084,20.53476789557716,26,0,56,1
188,45,Bo,35,1.0812736371659524,4,1197.4046350141807,61.87782810951022,3,4,22,1
189,64,Kenema,11,1.6614707259701138,9,381.02791492070446,54.37852511282168,9,3,29,1
190,58,Freetown,5,6.290959339993482,19,1899.7375419602959,28.99013929716483,21,3,27,1
191,60,Freetown,47,5.80160732769726,4,1574.4911431978073,72.01163144065934,23,3,46,1
192,32,Bo,44,3.4277465036529065,19,161.31936937416395,55.46110516009804,19,1,28,0
193,18,Kenema,35,2.6200939372545116,5,222.6833892353207,14.814350926781488,18,3,41,1
194,37,Freetown,50,1.1564181116693169,10,680.1047812870431,97.4442860666829,6,2,49,1
195,40,Makeni,38,2.1316736062598394,19,308.7935749475909,18.63652439374232,17,1,59,1
196,25,Bo,21,7.577465273837888,0,354.5194973447392,27.283322866808724,14,1,0,0
197,43,Kenema,10,3.197325613801368,17,1670.2105231163257,87.13783941572848,16,3,26,1
198,25,Freetown,46,7.088620471995219,3,470.56654717554846,67.59411967210244,20,4,40,1
199,43,Bo,28,9.994723531936,1,144.01347577808426,97.83154750102514,8,0,47,1
200,30,Freetown,53,3.598170359775743,12,262.76378194321194,66.798606540213,5,3,37,1
201,36,Bo,34,8.901020431371947,17,668.5316476925273,87.54555942635425,0,0,20,0
202,32,Freetown,12,6.070950346136129,6,791.8184232539555,57.10747355689029,0,0,31,1
203,66,Kenema,44,1.6587633139159927,5,1226.724757093687,68.48021586272654,9,1,45,1
204,26,Kenema,21,5.671736066225963,7,984.4046613779753,7.435996251611391,25,0,11,0
205,22,Bo,48,3.2146269291819842,4,979.5561763302604,42.46470576274327,22,1,43,1
206,60,Freetown,21,1.068065874803279,10,1312.5756926014758,90.31290215024876,24,3,10,1
207,68,Kenema,4,4.16460418515671,12,247.7706154759722,51.15781712270093,15,4,51,1
208,63,Kenema,29,5.790341920051361,14,1182.8175038624556,13.514502219719501,29,1,1,0
209,66,Freetown,4,2.1090038875494943,10,1725.860796897149,80.97920406528206,6,0,41,1
210,59,Makeni,36,5.351910820479323,19,1621.6854720615584,57.27152150484487,23,4,41,1
211,64,Kenema,13,8.143694653424646,8,1310.8815311745773,21.60347706860083,24,4,41,1
212,25,Makeni,16,3.1318350307703384,16,1572.0247547255306,31.10657337707293,18,3,59,1
213,56,Bo,25,7.899905216803654,17,341.92273751606757,45.27475722676369,4,0,34,1
214,61,Bo,33,2.6060136870499493,16,658.9299827951522,26.873386000647645,6,2,9,0
215,26,Bo,13,3.4708622860011284,1,1214.2414879465987,69.20491828330071,9,4,38,1
216,58,Freetown,11,4.069810220267985,6,1646.4787613825038,62.30584397027036,5,1,31,1
217,56,Freetown,46,1.770924246367875,3,1793.6722055950306,23.227395848280576,7,0,58,1
218,23,Freetown,39,4.981689428326026,3,1672.133070840273,68.61224853272637,11,2,31,1
219,38,Makeni,38,6.8578963214247475,7,1089.267683775104,35.81170654596068,2,1,22,0
220,61,Bo,38,9.959324416338314,16,920.3870848354022,36.68910719985904,21,3,57,1
221,53,Freetown,13,2.8084031979315083,14,1094.8639847225086,14.184262716438363,24,3,16,1
222,33,Makeni,8,5.273978891555967,19,795.9262464758161,16.383755191676403,18,4,19,1
223,57,Makeni,44,8.578299649387791,0,1065.8680556804823,64.24064036026218,17,0,52,1
224,33,Makeni,38,7.378702279686788,19,120.51274202328612,33.79719381480622,17,4,1,1
225,58,Freetown,2,5.587518220765284,8,1659.307911054149,31.571836154790525,25,3,17,1
226,23,Kenema,22,6.1712864408599,10,1154.8219562342663,42.14906249052657,11,0,41,1
227,55,Bo,45,7.068734257681435,2,1088.338325490881,73.5350963962295,2,3,13,1
228,26,Kenema,21,2.561720634878578,2,1405.1546233598003,37.87947402108963,19,1,9,0
229,42,Bo,25,9.30481471462055,0,999.770741696925,62.59402908634286,21,4,51,1
230,20,Kenema,41,2.317365929460242,5,766.6921234684863,11.476369391621889,1,3,24,1
231,32,Makeni,45,9.69239945037898,11,893.3708627437574,34.62253264309966,13,3,17,1
232,46,Makeni,6,6.576291594080466,10,1317.8921301763992,19.44236104722157,18,4,18,1
233,51,Bo,25,5.361414283169783,1,1520.7944114705329,63.85228638372083,14,0,22,0
234,36,Freetown,35,8.044264366697343,8,567.5054479169795,21.887806845868578,15,3,32,1
235,21,Makeni,39,8.325732425554168,7,1249.677904550471,34.09409397472811,19,3,59,1
236,55,Kenema,50,8.9794379371642,4,927.0800652015789,23.489138622972682,6,2,27,0
237,39,Bo,7,4.483708843020677,4,1929.4534371905845,28.615124482919498,29,2,20,0
238,55,Kenema,21,7.128773445144201,9,419.90495394062054,63.800078335733545,12,4,25,1
239,67,Freetown,21,1.5815501185967753,17,133.13475810971383,40.28381392676337,16,3,10,1
240,38,Makeni,55,8.78194352926376,3,524.7820383894912,66.912511551542,2,0,28,0
241,69,Freetown,38,8.065148894533511,9,1789.565143433457,95.75679521787319,16,0,40,1
242,18,Bo,48,8.567844214833304,0,124.93138047653375,90.66738925286523,20,3,10,1
243,51,Makeni,59,3.0426822492882772,7,1784.3122864512463,47.808867389327,12,2,4,0
244,49,Makeni,1,1.430477383546949,4,124.14260406303708,75.88968946077466,0,4,50,1
245,41,Kenema,24,9.60851258469532,16,1488.1413009450634,38.5588838076961,13,3,10,1
246,69,Kenema,19,8.054584090909064,6,741.9406525009363,44.1524383749633,4,1,37,1
247,64,Makeni,48,3.659002997296782,16,1549.9851382843606,64.34303904115507,1,1,2,0
248,66,Makeni,4,1.6232887565727394,13,1921.6617102480616,50.43425298471276,17,1,20,0
249,53,Makeni,27,2.0256097124288543,7,997.7302308062028,92.42823221584374,15,3,33,1
250,28,Bo,15,9.352752762934447,16,488.00044309551123,40.35586726456376,26,3,57,1
251,42,Bo,22,3.1662344064925447,19,286.9276837867902,23.759696536694044,13,0,55,1
252,38,Kenema,58,8.618629048212503,6,1841.9067405971311,28.96289691646935,12,4,7,1
253,63,Makeni,46,2.625351383577708,6,155.02350364615094,35.405684089493434,21,2,24,0
254,39,Makeni,29,2.483333341564934,12,306.87110823639574,73.96809144860308,26,1,30,0
255,32,Kenema,23,7.595213902896255,11,1107.3625507091042,61.08303059358342,23,2,53,1
256,36,Kenema,29,6.194555049587951,6,1760.4199609472378,46.21104866420332,7,1,57,1
257,33,Makeni,1,7.5381554360170435,11,1984.0294051312587,14.421919460785512,9,1,42,1
258,42,Bo,21,6.543869052341611,13,416.64823250006145,38.761534025145245,12,0,51,1
259,53,Bo,42,7.711604044581089,11,444.8370923222129,96.01698061134113,24,3,10,1
260,33,Kenema,31,8.889856856453804,5,1992.8519583731322,39.989405398150595,28,3,19,1
261,27,Makeni,54,2.2404060924331186,2,1342.9319087759598,5.178588934866511,6,4,9,1
262,55,Bo,4,1.8369157584081894,12,1196.9944205493614,50.69242453918176,13,2,23,0
263,54,Makeni,58,6.045940849745539,19,1226.8009498630868,69.26445403650442,17,2,30,0
264,36,Freetown,46,1.5269583631958128,18,701.7647214573185,79.56521282558941,5,4,30,1
265,53,Makeni,19,4.3611633652975605,15,288.634676784097,74.87303261631607,0,1,51,1
266,66,Kenema,28,9.985127602536547,14,1869.5709961199375,66.0436939558432,16,3,19,1
267,65,Kenema,27,4.689144007266594,14,1687.6144569894536,41.464130433639184,8,1,15,0
268,22,Freetown,52,4.01060159867739,9,101.08358163752635,7.298217569678748,29,4,5,1
269,34,Kenema,45,9.466113206038065,18,555.6286797882588,45.817397210198834,18,4,28,1
270,54,Makeni,49,9.43617964794278,9,1426.737064944848,64.9612113658871,29,1,34,1
271,18,Makeni,57,7.889616090919988,3,359.87092695523944,62.971389200375924,27,0,30,0
272,37,Makeni,25,1.1206236378894905,3,601.354094678586,9.236516295431347,21,3,6,1
273,52,Kenema,28,3.245915798645555,13,580.3019659508304,77.14283492970655,9,0,12,0
274,23,Makeni,9,8.677806610632853,12,140.6761435581277,63.87144681894449,10,0,20,0
275,21,Bo,33,1.7778214968629182,6,511.7294031572015,74.58262952461853,10,3,23,1
276,32,Makeni,7,8.450815377899556,9,1586.040380279032,64.32041741481416,4,1,20,0
277,35,Freetown,3,6.087972291144489,4,954.6683490422556,97.34050631499602,11,0,40,1
278,50,Bo,53,4.761909404834359,3,223.23847792075054,69.95664002981904,0,0,23,0
279,51,Makeni,58,1.6090152571000143,10,1430.2784395980489,56.636130647551376,5,1,0,0
280,27,Freetown,5,6.977691230548756,1,471.37638371134966,14.268438472733475,15,2,38,1
281,39,Makeni,24,5.612523838932985,14,1622.487053604037,48.62778837171101,18,0,31,1
282,24,Freetown,20,7.810763551197716,3,1062.8024260326779,24.463721044317694,20,3,27,1
283,31,Kenema,41,9.864906905267876,7,1555.4243288044813,7.580905016428183,24,2,7,0
284,61,Freetown,42,8.185097694018955,19,775.2687024378864,47.91119782700986,26,1,42,1
285,36,Freetown,51,2.833898132149202,10,1070.4927808297455,32.27810601803468,27,0,35,1
286,54,Freetown,8,4.563734253962094,8,1834.4256333937342,55.637742388383295,9,3,19,1
287,23,Makeni,2,6.521258247752587,6,758.0464364363204,90.2327023916388,10,0,27,0
288,18,Kenema,8,7.593717112307496,4,1649.736139525498,34.75038950764183,29,2,31,1
289,26,Makeni,11,3.8770014919649025,13,1977.4111793535492,51.10910340018928,20,4,29,1
290,30,Bo,4,9.818042120690697,5,1329.4613351401324,17.33351265041317,4,0,2,0
291,50,Makeni,25,9.01232247716022,19,204.84284005390757,74.49216658233442,28,3,28,1
292,26,Makeni,38,1.996736007870623,17,1531.185699723532,98.86622883201353,1,3,43,1
293,26,Freetown,24,8.37329594384315,1,1765.6527322058057,54.91631669184082,15,4,27,1
294,43,Bo,33,2.277747907848945,2,728.4857525852249,47.7833429960142,25,2,56,1
295,40,Makeni,22,8.57302797776284,16,969.0099764264208,98.01496911143968,2,0,19,0
296,33,Bo,2,7.1769447701748765,2,185.8002389166912,21.613736531716143,8,3,59,1
297,18,Makeni,55,7.247355161588479,2,1049.676768632853,34.004514286189476,20,2,56,1
298,63,Makeni,14,8.840840340367468,3,1543.82631424384,79.90249760906337,12,1,50,1
299,50,Bo,59,5.023499894257829,1,947.6986288437563,87.13354290465365,7,2,18,0
300,47,Kenema,14,1.1620008005069349,19,871.8158810795325,7.581626528630196,5,0,18,0
301,63,Kenema,3,7.293838376135833,9,1686.9487735264954,98.27087585975963,13,0,58,1
302,36,Kenema,52,2.965988645949764,13,284.4820916977675,11.492388875564737,16,0,32,1
303,69,Freetown,14,1.668167856895478,10,491.38541396589756,74.37338397356386,8,3,58,1
304,21,Makeni,8,7.0102421490376585,1,1206.7820617093994,89.76873732326696,22,4,48,1
305,65,Bo,12,3.4099900793950075,2,1588.8636508480263,59.46818783534571,20,4,47,1
306,37,Freetown,3,2.0343969735361016,11,233.0217054055446,91.41454784647628,3,2,16,0
307,51,Makeni,32,1.2262776244954545,0,1404.178389454882,12.809671052619258,21,3,45,1
308,64,Kenema,41,9.032709609593615,18,914.5910280394161,62.67350997828163,18,3,56,1
309,46,Kenema,4,2.1852409462483466,6,506.6596712901971,79.74128183967152,2,3,1,1
310,41,Bo,27,5.556394535456825,8,1286.502861183846,11.738560532708476,24,1,16,0
311,29,Bo,26,3.149709943617349,7,965.8014606273825,47.79420365749274,12,0,34,1
312,57,Bo,35,3.5261489396437686,15,453.63552795493223,54.07439970236801,5,0,45,1
313,66,Bo,8,8.595321513505517,10,605.5706419853736,48.97093572650581,20,0,41,1
314,60,Bo,41,8.350139579056464,8,604.8964884376502,82.72963353108352,20,2,58,1
315,56,Kenema,41,5.441919223061068,6,1419.4045937617452,99.31759970491169,12,4,0,1
316,57,Makeni,19,8.940327004853629,11,1358.3388592478905,29.526459148161074,28,0,44,1
317,43,Kenema,28,1.0140859467232561,4,1290.9826718576437,9.857861236999568,12,0,46,1
318,37,Bo,18,6.987628917802497,1,1610.692014095643,67.95312874063876,4,2,46,1
319,45,Makeni,20,1.639068980799299,16,206.35102745971173,38.7032727244185,6,1,28,0
320,58,Bo,2,6.342947120876846,18,69.75580885409958,65.42912440890652,21,0,56,1
321,56,Makeni,3,6.740893833972705,19,1494.913438035428,55.34919467800978,2,1,16,0
322,58,Bo,12,5.039677645072374,2,214.56514206185759,42.94003109749564,4,4,48,1
323,48,Freetown,23,8.610439266909161,5,1400.3610120049893,45.84345235206407,2,4,54,1
324,26,Freetown,38,8.185423064665173,11,1653.723628653143,86.46842207782196,14,0,22,0
325,57,Kenema,48,4.5367680281076215,3,1075.3345678029814,53.60973172524361,27,4,6,1
326,21,Freetown,56,4.112897146640717,0,351.19650708548136,7.417537191046334,27,1,27,0
327,52,Kenema,47,3.800957455570542,10,1370.3852474832681,62.549028698005586,1,3,55,1
328,29,Bo,1,2.5062375982476515,3,1945.4492501683526,26.70624094170322,23,2,2,0
329,28,Freetown,4,1.2786021182740916,13,806.5741818963955,20.202368964003433,17,2,14,0
330,47,Bo,37,9.603269460597874,4,662.235098885838,89.39834886932472,3,1,59,1
331,26,Freetown,29,6.46189607419237,12,345.5893710962659,7.939076249477488,15,3,4,1
332,54,Freetown,49,5.875343311690036,12,1535.7085345794965,84.19674638407062,18,2,41,1
333,51,Makeni,45,2.5945383274467897,18,1039.5204139334971,69.3517955442781,20,3,10,1
334,56,Makeni,51,6.224208408943264,0,321.4335676241062,47.18415617420928,14,1,10,0
335,53,Kenema,17,8.922832859340343,2,1265.6416184109082,59.09084931231686,25,2,36,1
336,56,Freetown,8,5.27991433738144,4,1108.8979387174431,26.63622492980491,26,4,33,1
337,28,Bo,45,8.829722436829165,14,304.77207045575267,80.09843045611407,27,4,16,1
338,37,Freetown,46,9.72646954163286,11,1900.7686790244088,53.72572953398377,11,3,51,1
339,49,Bo,55,3.5720519997328317,3,446.2850276178702,77.37082818088123,14,2,10,0
340,68,Bo,17,9.050073011418089,18,939.159587731877,47.128304456280894,14,3,6,1
341,62,Kenema,48,1.5352441198055269,8,56.17730473236839,65.81883959816426,0,2,37,1
342,20,Kenema,5,9.743797381515298,12,480.4537024829244,74.7328274459841,17,4,21,1
343,60,Kenema,54,2.2099161646730967,9,633.8213973247784,39.07797491461628,1,0,23,0
344,52,Makeni,30,9.9149142949312,14,441.2694839373344,99.4916209481998,7,2,0,0
345,53,Freetown,37,1.6212658679906466,0,61.04833833265618,94.02364770358551,27,0,0,1
346,53,Kenema,2,4.591901692663507,7,1460.1414986060277,31.631773775194485,3,2,34,1
347,25,Kenema,14,9.529192233680236,12,191.0171267529803,95.73594469271163,26,1,39,1
348,34,Kenema,34,3.180080960421102,9,982.6067741806858,18.79366872404273,25,4,55,1
349,64,Kenema,34,4.61175421797741,6,620.4044275879465,19.471310999130868,22,2,53,1
350,46,Kenema,53,3.0342609803439977,6,1298.9282822428956,98.00320594160685,20,2,52,1
351,36,Freetown,25,7.478123080192175,16,1740.520263286173,48.12495057029392,3,3,19,1
352,49,Bo,14,7.4255736925593085,17,1653.9428490491837,81.37605821748943,21,3,12,1
353,40,Makeni,18,5.470258805361519,11,604.3344812086576,17.713694484970848,1,2,40,1
354,29,Freetown,15,5.6001622531350685,16,141.36122162882612,31.23610799298545,5,0,22,0
355,41,Bo,8,4.063336716751865,8,1883.8745861855366,12.857968844813582,27,2,56,1
356,18,Kenema,19,8.584407119444993,8,661.0284392910291,79.94858481872069,14,2,12,0
357,36,Freetown,6,9.42689038572241,15,1366.5231192418528,16.02215472807608,22,1,28,0
358,50,Makeni,27,2.2520426400197877,9,545.7511983099564,88.17356652249853,4,0,23,0
359,61,Kenema,17,7.322864513813263,3,631.2018068469141,15.009667613831365,18,2,11,0
360,54,Bo,17,5.487137195551382,4,800.9842338098751,87.25291569612374,2,1,13,0
361,52,Makeni,41,7.908108656661264,6,862.183642212564,83.10708924756021,1,0,8,0
362,55,Kenema,54,8.166165360065689,0,1520.3449181103456,8.414174117547567,8,3,17,1
363,20,Makeni,6,1.4697876614047447,11,1380.2780672218903,49.47464342359789,0,3,20,1
364,60,Kenema,13,2.0036099108914875,16,1055.9307102890398,30.42130428915729,20,1,45,1
365,30,Freetown,38,1.1739486782584092,1,292.5183780509949,44.29605411727035,24,2,46,1
366,55,Freetown,12,1.0893143901505207,19,954.9855609343325,96.5324278843209,27,1,37,1
367,18,Makeni,55,7.956293336885036,15,1066.527292925571,97.7213132115253,26,4,41,1
368,64,Bo,41,2.6356527163851666,1,899.2398696707718,36.54943971234796,24,0,54,1
369,24,Makeni,57,1.0121826314392135,11,634.61102875221,66.4135804556034,6,3,46,1
370,68,Freetown,32,8.467868082588804,10,1231.9858016202854,32.658703539592004,12,2,3,0
371,57,Kenema,29,9.436405943478887,8,1226.419021144139,49.97308374201669,27,3,25,1
372,21,Bo,40,3.152429000040187,8,1084.9378428093298,66.8409468362169,10,3,21,1
373,58,Freetown,59,6.577611142897803,11,1797.346467999418,85.48347170819027,26,4,18,1
374,28,Freetown,53,6.723592364473556,7,806.9231269476413,69.04237807592598,10,0,48,1
375,64,Makeni,38,1.5456603345982138,14,1395.4994877524396,70.55917303259513,17,4,19,1
376,69,Freetown,11,9.621407089510933,0,1082.8364616939589,27.979862940724473,28,1,20,0
377,63,Freetown,6,9.357942583133946,5,1533.6659718032665,56.95166589263699,13,4,30,1
378,47,Kenema,30,5.009874748677018,5,457.91165754545926,9.748007722669481,0,0,47,1
379,28,Freetown,50,4.52672466768171,10,1335.2718407155767,15.344864828198713,3,2,59,1
380,65,Makeni,59,3.335876048584813,11,902.1419770479607,61.388288860984666,22,1,25,0
381,23,Makeni,44,7.589103461586602,18,742.3300600813186,71.33955993661941,10,4,15,1
382,19,Bo,55,2.455042926132657,7,979.9552076125415,73.24146166034038,14,0,42,1
383,56,Freetown,59,6.085767812074806,19,1554.672476408285,52.39508813091448,8,4,9,1
384,53,Freetown,28,8.242778097907253,9,139.81063167041492,81.76753182380385,7,1,54,1
385,25,Makeni,27,3.212266953755377,4,835.3905770013912,89.99106576987528,12,1,35,1
386,26,Bo,56,9.939295138806676,1,137.57703304145093,77.29575273206224,16,2,19,1
387,37,Freetown,30,1.5193263557430896,2,916.512431020953,31.177054225850924,16,1,44,1
388,69,Freetown,20,6.909679663370885,17,518.7778801423385,23.20132984480845,12,3,51,1
389,40,Bo,59,7.765949557351839,10,495.9540983307113,95.85040887181512,21,1,55,1
390,62,Freetown,29,6.234600636902742,3,901.3976700490939,60.10843929359819,2,3,25,1
391,68,Kenema,45,9.046848722799256,6,1895.5902006432907,89.79303161121508,20,3,22,1
392,59,Makeni,15,2.8421209815155555,17,1202.704091354107,22.682910286568053,18,3,45,1
393,44,Makeni,58,8.915469136553138,14,947.004671382558,14.030039325605815,26,4,35,1
394,51,Freetown,24,8.42309070650008,9,1055.5358414200841,49.0128970609157,20,3,22,1
395,62,Freetown,31,1.0001047127982954,8,862.3033655404697,54.6384672031309,4,0,9,0
396,57,Kenema,39,1.0908154602012226,5,903.089756886009,88.8597661639751,21,3,27,1
397,29,Bo,51,7.677066942628436,3,1704.4294892265232,45.14977371629287,17,4,24,1
398,65,Kenema,51,2.1282082821314705,13,707.0812151490402,99.95667227831396,3,4,53,1
399,38,Makeni,49,1.7061023468541157,15,1111.769070252537,72.3854787048979,26,1,8,0
400,34,Kenema,32,5.3368073134715495,9,755.3349969761822,95.17481955269866,14,0,58,1
401,38,Freetown,38,5.624690177860909,16,1042.336583402559,40.0816731704764,8,1,39,1
402,32,Makeni,39,9.288950689869182,5,1404.4610831439065,74.25320085730256,29,0,16,0
403,51,Kenema,41,4.1080775702039904,8,704.4403858261933,97.95991949696835,2,0,48,1
404,29,Makeni,47,9.523816003976671,12,1017.704568120605,41.14918243763998,14,3,31,1
405,49,Makeni,4,1.1445567848290552,17,1575.23396302793,16.81636896792581,13,1,32,1
406,31,Bo,55,6.030825706897966,3,1027.1213665112844,72.08835238151907,0,0,39,1
407,36,Freetown,1,7.466085525902951,4,1732.148918740899,22.029283131240053,29,2,18,0
408,29,Makeni,59,8.787661830180213,10,356.6827559504449,34.429846624864425,22,1,55,1
409,39,Kenema,57,1.6380241830215683,4,660.0831636675035,93.85322436180613,17,2,50,1
410,35,Makeni,16,1.4665221920775613,7,1120.274396900844,32.32510925914943,10,4,26,1
411,29,Freetown,6,4.87486188556471,0,1762.069769120428,62.52295282850827,23,2,32,1
412,67,Makeni,41,7.097868509531806,18,190.6166312123986,24.51313380541279,6,3,32,1
413,30,Makeni,54,6.690539382738758,6,438.03467097090174,44.74171708971661,21,4,55,1
414,37,Freetown,24,9.471452034176664,17,1833.725674165182,6.090662676190895,29,4,9,1
415,34,Bo,6,9.810617563369936,4,1133.2160770064274,23.032453782354818,19,0,48,1
416,44,Freetown,12,3.3784863684277537,6,450.3992304782596,50.88877126809455,15,1,59,1
417,41,Bo,38,6.358236951327436,10,385.61567550441646,92.92460974592868,19,2,40,1
418,37,Makeni,19,1.828857279096121,19,1129.0890814470795,65.95503133859867,21,2,5,0
419,32,Kenema,10,7.3596688289083865,8,1239.5144633049972,34.72620245029658,3,2,59,1
420,19,Freetown,4,2.0535943728175177,0,925.7152527713462,63.16452432237524,26,2,47,1
421,38,Kenema,56,7.310256349757263,3,1376.2181766215967,43.77441063233632,16,4,3,1
422,24,Freetown,9,9.456863601641574,3,479.943202272943,73.9439614845898,13,1,31,1
423,49,Bo,48,1.917037907856431,5,66.22388734302442,46.190365300098364,2,3,58,1
424,38,Kenema,25,3.3284047793989684,14,897.086472062889,73.7275426957501,25,2,55,1
425,45,Freetown,43,3.178198719827895,8,1442.4028105873472,13.682191201518759,16,4,22,1
426,64,Makeni,52,1.2655364963068534,14,744.1435133523689,6.502253642131397,10,1,39,1
427,28,Freetown,50,2.9380994324429737,2,1214.3367518641035,61.50630539439001,29,1,17,0
428,55,Kenema,19,9.394394573194852,3,1111.2952339217104,24.02679169742446,9,0,54,1
429,44,Bo,8,7.936682778149965,18,883.6165181956804,24.59065348299329,10,0,38,1
430,66,Makeni,28,9.058114802378523,0,1349.6029426773296,79.80176754147162,20,1,57,1
431,60,Kenema,38,4.98290963333271,7,1316.1785329249192,93.94665903954804,27,1,33,1
432,39,Makeni,11,3.7094147005088174,12,1030.1309231287546,10.336727348006706,21,3,27,1
433,32,Freetown,55,4.687039480383934,2,1327.588743322459,29.722476808596788,5,4,47,1
434,46,Freetown,49,9.48278176768105,9,1506.2144470907501,73.45372712121858,14,3,18,1
435,52,Makeni,5,3.7882618779022206,0,537.4160454753614,53.925537672423694,22,0,20,0
436,69,Makeni,25,3.770162485126711,12,1831.8874655528557,95.51742661523808,3,1,48,1
437,59,Bo,39,8.886874898280805,15,250.00752703800012,42.30942061078454,18,4,34,1
438,56,Bo,41,7.092467046971536,4,1683.921330961017,86.58260653819985,2,0,21,0
439,26,Freetown,47,4.699842479923958,4,1457.761993655575,41.556343636004804,15,4,16,1
440,57,Freetown,2,7.591609441525412,4,1054.1200323308558,20.32946610026145,0,0,42,1
441,49,Bo,51,2.0934585197898885,13,1287.546550150392,60.303661719890854,1,0,41,1
442,45,Kenema,14,1.5195894330260549,6,812.5140947984273,27.249320238001744,14,3,23,1
443,25,Kenema,9,7.7847856645323255,14,1749.3634216842408,69.50295683861398,7,1,0,0
444,46,Bo,34,5.920167295893599,18,1172.0483052079892,7.103440169899798,14,4,47,1
445,66,Freetown,29,2.2855776833289867,6,1399.5436116975193,24.593950814434496,4,1,48,1
446,20,Kenema,58,9.56297825853113,16,1564.1541401694853,63.076977210581454,10,0,58,1
447,20,Kenema,29,7.197684663770881,10,543.8811478692944,5.94798378255269,27,0,55,1
448,18,Freetown,57,2.830928276224821,15,298.40351120066157,32.1233341112586,6,4,18,1
449,36,Bo,41,5.359099836623578,12,76.0669823558215,43.925227462079214,24,1,50,1
450,65,Bo,32,8.896154078195547,7,809.3396310088068,56.46729160541851,3,3,51,1
451,66,Freetown,18,5.62031389202424,1,1978.9746202176127,26.997101416679637,28,2,41,1
452,46,Kenema,19,4.154684808575457,2,776.4398838311241,11.527799383776292,29,3,58,1
453,69,Kenema,58,9.363595620358534,10,789.4917475018755,83.97993209108715,16,0,27,0
454,48,Makeni,34,1.4379189729554198,14,1182.9794320814635,45.476742874479214,25,4,47,1
455,62,Bo,39,2.262920663741635,19,1358.7570730903929,63.94500957993721,28,2,6,0
456,45,Freetown,28,7.749800186068637,5,1821.0455529656297,77.07795551057247,2,4,25,1
457,53,Bo,37,3.76214061875113,9,859.1938700301525,72.71387924059894,15,2,56,1
458,57,Freetown,59,4.823657585812782,1,1820.2851020728915,53.17066644017824,14,0,25,0
459,19,Bo,12,8.396478519268234,18,1336.0459988495018,80.64293780143001,29,0,46,1
460,20,Bo,3,5.758519771885921,0,1660.5395292662593,48.99589781456359,13,4,26,1
461,53,Kenema,22,6.9577205031448175,9,1639.1324706540515,78.91239809874205,22,3,57,1
462,54,Makeni,12,4.891116037630126,0,110.74073094711258,29.659762681129674,5,4,20,1
463,49,Kenema,15,6.67035890631984,4,1723.334768789652,79.45837695663867,24,2,55,1
464,57,Kenema,29,9.96541906148901,6,1659.5605450416988,85.26277803674675,10,0,53,1
465,55,Makeni,27,9.127843550888844,19,1870.4636127424137,81.12805922801181,28,1,2,0
466,62,Kenema,35,3.7362724520319968,14,670.3036714617705,96.3101444924657,10,2,20,0
467,68,Bo,11,3.809767313958433,15,80.69868034157011,6.629229281943821,23,1,48,1
468,49,Makeni,32,5.604721461055694,14,60.42501366601069,94.14930566652369,4,4,9,1
469,36,Freetown,4,4.980644249060218,18,1429.424150064209,41.976894810719905,19,2,22,0
470,41,Kenema,46,4.077147502949413,1,1078.9710591323053,25.105410364136816,18,4,11,1
471,67,Makeni,54,5.15050211128519,16,1882.8669943411537,52.88035754165097,10,4,17,1
472,44,Kenema,54,1.990569557810037,17,1853.8419919188782,65.0061339328747,22,0,58,1
473,42,Freetown,54,5.992189388020777,9,1508.1989820307763,81.97456573645547,0,3,21,1
474,39,Bo,47,8.536303717931357,16,380.9704357250002,6.818762459699484,15,0,54,1
475,60,Kenema,12,8.225298413420504,7,1923.7942865112082,55.91383249095123,23,1,29,0
476,30,Freetown,2,8.504127558269445,4,1303.0263401310863,12.462993937754078,10,3,39,1
477,60,Bo,20,1.5987484738976971,7,500.0495751567369,91.98886206485673,19,3,54,1
478,33,Bo,43,5.514181299261535,6,1953.5646012267632,69.92810885371334,26,4,22,1
479,41,Makeni,9,2.8049768006073985,2,471.6426677991704,70.66512189172134,22,0,7,0
480,32,Kenema,53,4.017511450704662,13,180.68224861485945,97.6575976805117,16,0,41,1
481,47,Freetown,19,4.47037833262,13,188.51803363580413,25.02534464725272,1,2,19,0
482,67,Bo,24,1.6733908467547574,9,904.9905947386275,55.33871980340999,4,0,39,1
483,25,Makeni,44,2.8654568116090084,7,1279.63283608703,25.87214508718304,23,3,9,1
484,56,Makeni,49,7.065947873311574,3,172.0014423279306,24.99815926820758,21,3,30,1
485,35,Makeni,38,8.463828107131835,1,1428.0172906715147,63.635786558400575,29,4,37,1
486,27,Makeni,46,1.028268154433099,2,389.7746332084901,88.16353438657426,0,1,56,1
487,59,Freetown,56,5.1258828171829425,1,1463.7618487832815,59.557319633570046,18,3,39,1
488,34,Kenema,42,1.4046529743239602,14,296.3951385632957,58.4427441209395,8,3,25,1
489,44,Freetown,18,7.67477306652438,12,1010.5096879689303,50.902182014798505,18,3,6,1
490,52,Makeni,18,3.9540979511050547,15,935.2803268394131,77.4324610741125,29,4,44,1
491,34,Freetown,37,6.109545861379491,5,1179.6632099907788,51.514323894773256,21,3,59,1
492,56,Makeni,25,6.955005336662701,12,325.3859095776414,59.23335459975024,27,4,29,1
493,20,Makeni,3,4.659011054272938,12,1811.2220187271369,62.3658433413264,5,0,5,0
494,31,Makeni,35,4.306516558273634,9,219.68357569043806,57.894566538177855,28,4,51,1
495,42,Kenema,41,3.2470205746620713,19,563.3323257101218,5.062072122323458,9,1,48,1
496,37,Makeni,13,2.3684371068204264,16,943.7310094457721,38.365841798134184,16,1,7,0
497,67,Kenema,45,6.489474027364466,13,1852.8188140272048,79.65220131949545,12,4,48,1
498,45,Freetown,16,7.843818805142245,1,1050.198221310793,71.88791077552722,12,1,28,0
499,63,Bo,18,7.069596866325834,12,1537.64200433101,9.317987541400615,16,2,51,1
500,32,Freetown,52,7.961974676783985,9,290.63158965091304,64.50062340733854,29,0,56,1
501,69,Freetown,54,2.4461162624066066,14,98.69474112824672,47.65868295336196,8,3,32,1
502,62,Bo,57,3.529447751502002,7,388.3172981922929,41.07639467733516,7,1,50,1
503,28,Kenema,43,2.8970330441921943,16,1135.08960135964,86.36687326244449,7,1,37,1
504,54,Freetown,51,7.977196466514544,7,507.12992002245363,37.782955823757206,16,4,50,1
505,19,Kenema,40,6.7338523074199825,18,1214.7202196892652,67.07143235547466,23,3,1,1
506,55,Kenema,37,5.55697278418841,18,733.3058375198849,91.72844545359554,3,1,12,0
507,69,Bo,32,7.356215462997359,16,1264.244604852105,99.06034037825225,25,3,34,1
508,63,Makeni,56,1.80090743370712,0,1983.807343076281,56.395275398127936,11,1,3,0
509,55,Makeni,27,3.1599042748296178,8,1434.7586491008476,30.930249499491346,22,4,24,1
510,51,Kenema,58,9.142897075121061,9,1312.6571064445582,30.93885883614164,18,2,23,0
511,22,Kenema,58,8.057855569287401,15,951.6627949794544,87.17144748594419,11,1,46,1
512,51,Kenema,31,9.060065633186548,17,1822.8917649044922,34.81841726892759,22,0,53,1
513,42,Bo,30,4.078968587772346,2,888.4173585706524,83.9401712502315,21,4,32,1
514,69,Bo,15,6.364737597144754,13,895.9956495677262,20.618525262493478,24,1,4,0
515,23,Freetown,43,2.9611783742681212,15,79.59492045931245,60.23462503029195,20,3,34,1
516,39,Makeni,23,4.697713826564469,2,1143.1306275520449,94.5526218118299,7,2,4,0
517,62,Freetown,55,2.0683818595820034,4,1962.108042768411,25.396109309018765,8,2,47,1
518,19,Freetown,40,6.9284587485432,18,1087.9691581053362,14.8101758431296,25,4,58,1
519,25,Kenema,54,1.28600635921592,8,1574.9990000643286,27.806720346318816,1,3,24,1
520,29,Freetown,55,9.904885892016685,7,1170.1516739508013,18.09910058882099,9,1,20,0
521,32,Freetown,22,9.062957630733935,5,1598.1623024269313,20.038870510033362,16,0,53,1
522,43,Freetown,17,5.200238087959676,5,990.1575928936917,84.88632748827618,13,4,14,1
523,44,Freetown,49,1.1508067404314417,2,1374.4383448422802,12.273984551186203,22,0,33,1
524,43,Kenema,5,3.247949462018678,19,1325.612300857892,63.827708045090255,3,0,56,1
525,31,Bo,13,4.759002962352953,6,276.899046070767,63.21560437596849,10,3,34,1
526,34,Kenema,19,5.9559704149676636,19,836.2551244598418,84.19618099514138,7,4,16,1
527,24,Kenema,50,4.997037218466991,0,1512.5554036772728,55.50779725762588,13,4,47,1
528,32,Kenema,4,2.4113143478512513,7,1663.2391919876295,8.981945588044464,12,1,27,0
529,49,Freetown,2,3.082425727391632,2,1029.733209974434,74.491204171796,8,4,1,1
530,25,Kenema,56,9.247784900788597,11,1289.057995880724,64.83296217129723,2,1,37,1
531,35,Bo,5,7.583468176388251,6,1657.7194593288707,18.91144437726753,4,1,45,1
532,61,Makeni,29,3.2605234079356116,5,1696.214034307979,50.98195438839339,8,4,9,1
533,37,Bo,48,8.456393205057168,2,1440.0496919288623,71.18603558649112,3,0,40,1
534,36,Freetown,32,4.965161752110766,5,308.1889963180865,41.313963937858546,22,2,12,0
535,59,Kenema,9,6.935553834861944,11,1391.6888362945513,16.436819984963456,8,0,22,0
536,27,Kenema,47,3.764947753191438,4,1115.5941563698425,44.63337476363476,27,1,44,1
537,65,Kenema,25,9.081681821630097,9,214.04894140579654,42.3448712181431,22,0,24,0
538,31,Kenema,52,2.467172024333976,15,505.935024531475,7.252236596229246,20,4,6,1
539,34,Makeni,2,1.323371639673757,11,1857.4868753456608,25.301323449181197,15,0,50,1
540,35,Kenema,53,1.1017228293012022,15,1585.3753183910824,34.1111181568203,15,1,11,0
541,30,Makeni,39,1.5569713151242772,1,1093.96748530422,58.77680641257569,7,3,11,1
542,30,Bo,43,2.9960378037308675,16,669.2314307455284,29.641898070603645,7,4,25,1
543,33,Makeni,28,8.836196099116954,14,212.8735836260366,25.056964543013553,9,4,51,1
544,54,Freetown,3,4.551150837870314,14,1083.3841445139542,20.329899046896397,9,4,36,1
545,44,Kenema,52,7.605148393016825,19,725.7895816422679,43.732998213196396,15,1,4,0
546,53,Bo,45,7.274473229241824,18,427.198918765141,65.94292571934392,28,3,21,1
547,69,Makeni,47,2.0990036433185915,3,266.7174372974242,66.56997828074172,19,0,19,0
548,26,Makeni,4,4.572929459867267,17,354.8180928822787,75.10534000277126,4,1,3,0
549,46,Makeni,34,9.933236159389871,12,354.5929404646686,98.8999944265307,18,1,29,0
550,48,Makeni,35,9.866570995816073,18,1547.6105988607587,46.26434232341568,9,1,1,0
551,41,Freetown,32,6.803751005334819,15,95.8883641074926,45.81417207020019,23,0,10,0
552,38,Makeni,7,8.365423823015817,14,128.2707752164647,89.54177075447194,27,0,46,1
553,45,Freetown,42,3.277237068282279,6,1737.8466471857967,14.770046254960288,25,2,39,1
554,67,Kenema,11,2.2157213160318463,12,345.962049209649,89.50977874139676,21,1,48,1
555,33,Bo,54,3.4833042494249216,19,1548.7335952807439,26.49588085030269,27,1,39,1
556,50,Freetown,56,6.870118178191967,8,539.606202147077,66.7903986382671,12,0,19,0
557,67,Kenema,27,9.972182967304198,8,407.73218224294715,61.44347696186347,11,0,11,0
558,43,Freetown,10,8.578140953560697,1,991.2912725000222,78.85826938232663,18,3,35,1
559,41,Bo,27,6.974420273674526,1,1932.3403110792797,9.789593492209875,11,4,27,1
560,37,Freetown,39,5.920266954667059,9,1687.6496867968024,17.111139613323388,1,1,11,0
561,39,Makeni,6,9.923082110585128,3,1467.3357205440632,79.55311977337385,28,3,55,1
562,42,Makeni,33,7.116698641556292,12,1894.5530558625687,33.103289262170925,12,2,15,0
563,22,Makeni,21,2.149971875109914,7,912.6147395497167,9.034641379370651,11,0,44,1
564,40,Bo,7,2.2111864039369697,13,234.11685043793784,83.99424164566123,14,3,33,1
565,22,Freetown,27,6.804126147631203,19,612.0905754763686,33.3843727501539,10,0,52,1
566,48,Kenema,17,2.333957158893922,18,229.5925706892001,82.45125145360319,12,2,19,0
567,52,Freetown,9,8.310323088913076,5,798.8831448626458,68.29544684050866,4,3,26,1
568,42,Makeni,55,3.834266001300062,0,238.45742686111694,21.805210328278473,14,2,28,0
569,43,Makeni,35,6.244430044102134,19,1634.3239510361348,36.05939731198415,14,0,16,0
570,19,Freetown,20,6.330712339558861,5,1404.574856979842,39.64371424226197,27,2,4,0
571,44,Makeni,12,7.305503467550064,19,1519.2706157862137,87.92164504873813,21,2,37,1
572,44,Freetown,43,7.063315601879408,12,1546.6227196518755,34.215330571593356,14,4,44,1
573,39,Kenema,19,2.129948109086294,7,1928.7858975749386,15.264233140758675,25,2,12,0
574,45,Freetown,20,8.491754650692275,18,1952.1724052123425,50.04560814583871,22,2,25,0
575,59,Kenema,11,5.708917494737874,5,579.9837063562519,42.92084547854686,19,0,41,1
576,45,Freetown,35,5.9029500428451,7,314.5922196949446,89.8953490678827,6,2,38,1
577,21,Freetown,12,6.008181736139398,5,749.3120848095032,91.57722305746992,13,4,23,1
578,33,Freetown,13,7.080966119863657,19,822.0775910821022,76.84411018513126,13,1,10,0
579,45,Bo,41,2.084026059969089,12,1189.8590708559434,97.085572166997,25,0,53,1
580,46,Kenema,33,2.4944726933338273,3,169.15410185828296,52.4337798713609,2,3,28,1
581,62,Kenema,46,1.001678753535968,18,1247.2599397331178,63.56067685032765,21,3,57,1
582,55,Makeni,23,7.574432297340694,9,313.9430981979039,23.775725956157363,9,1,56,1
583,24,Makeni,50,8.813523657938537,5,629.854986051521,20.441108809527243,27,1,3,0
584,34,Makeni,43,5.971295240355109,3,1210.6979788028332,87.83174082164803,2,4,23,1
585,36,Makeni,50,1.7135225616807257,19,1153.408592610831,91.26176181505792,17,3,59,1
586,46,Makeni,35,8.8294404960792,14,774.5156970737551,63.36800070597577,6,1,47,1
587,56,Freetown,4,8.12268775456278,10,1835.787066935548,39.18043888680345,25,4,6,1
588,18,Kenema,58,4.547224421043653,12,1226.501682613468,81.16000785317397,18,4,17,1
589,48,Bo,37,5.331501560973133,9,1628.866320718484,95.30061799066885,26,0,53,1
590,38,Makeni,55,6.102035166245824,0,735.5074070969112,62.98586205524113,6,4,43,1
591,35,Kenema,7,5.133982967204885,10,1516.6509641099638,91.02618960324561,11,2,30,0
592,28,Makeni,59,3.380246350004717,17,1031.916613948178,11.470357348734641,1,3,5,1
593,59,Freetown,55,8.796631923839632,15,371.02543510440404,44.4368692557985,18,0,8,0
594,62,Bo,32,6.439233877432939,4,1539.199925233125,54.72313023759078,9,2,38,1
595,32,Kenema,29,2.2866478984067693,14,1497.4723994320125,28.195352828034537,2,3,46,1
596,55,Freetown,29,8.952082555331714,18,577.7089896525134,23.445472559377816,14,3,50,1
597,38,Kenema,45,6.164792647093867,7,1153.735928531251,88.41318372022342,27,4,52,1
598,24,Kenema,7,8.401052003111626,5,1810.389386530792,54.865498738954635,11,0,9,0
599,60,Makeni,46,3.669512339413838,7,200.5156839416125,21.13927195581044,16,3,25,1
600,63,Makeni,14,2.4946736710016233,8,165.25635070752634,70.61899993576,4,2,24,0
601,35,Bo,13,5.992586229541189,10,199.67822068303914,5.397807144655998,24,3,50,1
602,44,Makeni,47,4.738987005328807,8,96.80983744753327,36.86030259065893,13,0,33,1
603,65,Kenema,26,5.9487776052795835,7,1928.1601027768797,15.901591944314367,12,4,4,1
604,42,Makeni,54,8.177626407668374,17,1371.214320108363,56.958243218620304,17,3,46,1
605,30,Bo,47,8.593795395885643,10,683.5994490929505,70.29307844533916,13,4,43,1
606,41,Freetown,1,7.657146079867974,18,1243.9377431030512,6.584202281534719,18,1,11,0
607,45,Makeni,59,8.493505959935181,0,1618.122851718574,87.31020243627151,16,4,25,1
608,52,Bo,35,5.937295735492196,7,835.3419952563199,54.36310920128571,21,3,47,1
609,52,Makeni,45,1.0997069733487872,13,1473.8382339558193,59.31998501391814,25,4,24,1
610,58,Freetown,6,7.022971269323801,18,993.4149527282622,44.74700567094168,29,4,42,1
611,35,Kenema,15,6.9031298178855955,0,437.68741882793574,34.92599818242534,11,1,23,0
612,68,Kenema,40,4.193486699888464,18,1571.4146646444854,58.56982750026322,5,2,8,0
613,62,Freetown,31,6.490971298326112,7,1001.9464668560873,17.652301938414723,4,4,27,1
614,34,Makeni,41,3.5936607336357653,1,62.605497689935575,52.142726080577326,24,4,37,1
615,23,Freetown,11,1.9420837348198001,13,300.76314762307743,59.515806807627534,0,2,17,0
616,66,Makeni,24,3.282514937737374,12,1302.068689337178,31.175973878380862,16,3,42,1
617,51,Freetown,16,6.642715910758449,1,1626.3700204928446,63.10640984204928,21,2,8,0
618,18,Bo,19,3.4191785352717834,0,437.3569249499413,28.451417621594626,1,0,44,1
619,23,Freetown,58,6.538787018387519,5,209.07110494216354,13.339882520525197,9,1,29,0
620,69,Bo,24,4.2433794312685365,19,1229.4368872570333,41.807873112641175,7,0,44,1
621,26,Bo,4,1.1812406405436084,16,349.87822575077155,89.18627293531934,22,4,19,1
622,32,Bo,47,8.34471138109016,1,86.94353657999142,74.91220558743893,28,0,7,1
623,20,Makeni,46,2.238667609585252,8,51.81236289642408,90.8062445977472,9,4,35,1
624,30,Makeni,37,9.20553289221498,9,128.5634441823571,53.6603972293199,21,3,22,1
625,56,Makeni,39,4.365524210311607,13,1778.2620220886495,19.38026127001112,17,3,43,1
626,34,Freetown,2,4.853655458804555,12,1282.437456423751,73.98056963774052,2,1,34,1
627,35,Kenema,54,7.706932684217511,19,502.8381472576191,43.505909261460566,18,0,3,0
628,32,Freetown,44,8.615117894772084,2,406.4861076514905,95.84772874376932,6,2,48,1
629,42,Makeni,47,8.311516517675358,7,210.691645130799,61.996946534801275,18,1,16,0
630,62,Freetown,7,7.881858553463862,9,336.055472329604,70.58067045556925,22,4,24,1
631,34,Bo,24,5.595133678556532,10,283.90823637539114,34.64608424194196,2,2,37,1
632,31,Kenema,26,3.959403560637484,15,1341.511790524904,76.4233888658847,7,2,19,0
633,65,Makeni,22,2.185182130925863,6,1424.8297673895058,75.48788430382866,23,3,34,1
634,20,Bo,45,8.737116265722996,7,1920.9707567630533,25.682688732924394,6,3,22,1
635,58,Kenema,11,5.940186684760645,9,418.93179516119204,73.43647986571234,8,2,16,0
636,52,Makeni,5,8.466064441147449,15,1433.3082025575532,15.013130852663915,19,4,30,1
637,48,Freetown,24,2.01331419876275,19,845.1671670920172,89.20613438621346,14,2,14,0
638,67,Makeni,55,7.256687195890591,7,1277.7752726302556,87.03103779506596,1,4,31,1
639,47,Makeni,49,9.782009366940393,12,769.8155779279488,38.93327172933926,24,4,33,1
640,35,Bo,7,1.5681691828716982,5,823.6723600882822,50.030595265102285,4,0,55,1
641,47,Freetown,20,9.055509435998498,2,1713.8228149343793,68.98692492248213,10,0,15,0
642,19,Makeni,21,3.8876908847485923,6,1212.297725733853,99.59477294487569,4,4,19,1
643,33,Kenema,41,2.83817895731586,4,866.4555294889842,25.865318216484056,8,2,35,1
644,39,Makeni,22,2.5103313608142575,1,284.7089736094728,11.422451199876399,17,0,32,1
645,18,Makeni,4,3.179571853127235,3,192.35700615427328,75.68271513302929,0,3,41,1
646,58,Kenema,36,1.9722606174242134,5,503.64144485421116,76.27477543829497,23,0,12,0
647,35,Bo,13,4.997650661905299,16,1367.3942084565056,53.344936656638616,14,1,22,0
648,68,Bo,58,5.1466024021750645,1,1978.239055542143,50.90704720816634,9,1,0,0
649,21,Bo,49,8.766301541598901,19,570.7962645398482,55.79278769217476,8,2,46,1
650,29,Bo,51,1.164475627511556,18,1813.0639375274718,11.521623284047863,7,0,53,1
651,66,Freetown,24,2.664282677204299,14,884.9025874087337,10.835387279684104,27,2,29,0
652,46,Bo,11,8.27079081115583,19,1487.949391408295,56.018924900487555,0,1,54,1
653,34,Bo,14,8.048452878313274,14,288.87083083367895,65.31613261955047,18,0,43,1
654,51,Kenema,50,8.39125139103734,0,1112.0301986589147,12.396369362833113,18,0,26,0
655,38,Freetown,16,4.960639675598486,11,991.5599850997044,25.167135958516177,27,0,35,1
656,27,Makeni,43,8.376623825928803,16,1781.973131839543,23.92587015452227,6,3,14,1
657,51,Bo,45,7.790832243122145,3,918.6332129818613,61.26103293648684,1,1,49,1
658,34,Freetown,12,6.892528136485987,5,851.8479310631155,68.01944073139472,14,4,57,1
659,23,Kenema,18,4.721648772609632,5,127.63230691921996,31.028869449647324,6,3,26,1
660,43,Freetown,15,2.611854453953634,3,814.8246971954032,95.03907130707682,28,1,54,1
661,50,Makeni,23,4.4345484919822145,5,1561.7073508531591,37.54615286705752,14,2,22,0
662,46,Bo,33,5.779985467037748,8,1504.1494490993352,83.46438731563224,17,2,6,0
663,58,Freetown,14,6.720807897573519,19,744.117658267749,19.10814425614968,1,3,20,1
664,34,Freetown,10,3.137349746524456,18,634.8003063393456,66.06553169809936,23,0,31,1
665,32,Bo,27,2.7384400756758946,16,969.0511354195363,49.8889670678606,3,1,6,0
666,30,Kenema,25,8.682890940470006,0,1464.3098144913827,39.23743380514057,20,0,44,1
667,41,Makeni,46,1.8078355050414143,0,1826.1112161383146,5.574469102477949,24,3,23,1
668,26,Makeni,17,2.4552509794658817,16,1933.3730234507486,24.550465813995064,10,4,20,1
669,35,Kenema,29,5.811032972406778,9,431.1431007183798,20.79178939490758,4,4,17,1
670,34,Freetown,14,2.034157090257193,16,57.482433740211754,52.69077878522231,23,2,43,1
671,26,Freetown,15,2.949212670645168,14,1751.620476697498,13.275382498836233,25,0,25,0
672,43,Bo,28,5.003671895447868,16,1003.6443808761022,38.40673787248101,9,2,16,0
673,61,Freetown,12,3.8097269540774916,16,1463.9667618699664,80.64856302443755,25,2,7,0
674,69,Makeni,53,4.052982685526054,6,1111.9611249859613,8.901476415088515,21,0,48,1
675,42,Bo,54,4.48719817439581,15,1187.6719620859485,49.09937515045203,5,3,15,1
676,24,Freetown,14,2.0155886846525926,10,1213.0462115200369,51.04550410894921,24,4,19,1
677,20,Makeni,4,6.5183671999271615,10,1620.9243266019646,33.46852496494162,25,3,32,1
678,30,Bo,24,7.0005837687183075,1,1046.392948937871,45.73260765589493,7,1,41,1
679,26,Kenema,15,6.969796385536018,12,1686.2444126592425,57.3127436274736,19,3,58,1
680,63,Kenema,55,7.307791292128858,11,1718.3246906999514,44.73765555388116,18,1,43,1
681,63,Bo,13,2.074429102043771,3,689.2935338773456,82.49581115948149,29,4,50,1
682,57,Kenema,32,6.2552736033502185,15,453.6375224278634,85.88354604969003,4,2,4,0
683,28,Kenema,3,7.35943716094796,4,1093.9281477202305,65.3557179372905,28,0,25,0
684,38,Makeni,21,7.3390178436146245,10,1860.7639189847448,75.18063341351338,22,1,11,0
685,55,Makeni,55,5.790005873705745,13,1652.2010610689629,14.631085034637035,2,2,0,0
686,29,Kenema,4,2.4962979731473056,9,790.487939402215,63.63345157611184,3,1,4,0
687,36,Bo,12,7.4901912162114135,16,408.38009696040723,36.19662246357751,10,0,11,0
688,26,Bo,8,2.2273329472080925,10,1469.623902702585,82.24902724095857,15,3,28,1
689,59,Makeni,14,4.939451424401872,15,589.6705573050518,58.02626246959187,17,3,23,1
690,40,Kenema,9,7.522266288356421,0,1681.0104133307204,86.93651408033858,21,3,9,1
691,23,Freetown,51,1.5679573220399161,17,682.987878594815,68.91181869345777,20,4,56,1
692,56,Makeni,33,1.6740625780178537,17,257.0126894175611,84.55988936378358,15,1,26,0
693,27,Bo,57,4.401946347635378,19,1963.3040396479923,49.29406174514436,22,1,56,1
694,69,Makeni,23,4.94109898428621,6,1695.7872702869483,29.928795766483685,0,4,33,1
695,37,Kenema,51,4.115771980122949,17,1324.8841646927,38.26887469720581,7,4,29,1
696,61,Freetown,10,9.939386767867719,19,1743.6862050864486,58.640786500139185,0,4,39,1
697,42,Makeni,42,7.166570619500025,18,615.5858549470738,24.13907250008563,26,0,11,0
698,41,Bo,53,2.547213019543939,7,1117.2831344619979,20.6369310014596,21,4,18,1
699,46,Kenema,26,6.032963185916123,7,1053.7472778257206,14.460072786302748,10,3,27,1
700,35,Freetown,37,1.7174356586855648,11,1382.072857159941,93.59383732706628,23,3,15,1
701,40,Makeni,9,8.91853973147321,14,1314.9317590468606,90.42864723747424,12,0,52,1
702,63,Bo,15,5.286901169862139,9,1356.0211798755834,43.22543981863443,2,3,20,1
703,23,Freetown,4,7.2621547024667095,10,1891.2072347749097,99.5735419615073,20,4,44,1
704,66,Kenema,39,2.8540511069683587,7,1906.5865207232014,37.477248035824346,3,4,41,1
705,42,Makeni,12,3.716284326964243,4,122.92413129715472,53.009699368063316,4,3,53,1
706,45,Makeni,35,9.792689915139603,4,414.51628741082146,47.301032352646935,12,1,13,0
707,28,Bo,38,6.656519532125835,3,469.55346216690833,64.60945038277691,4,2,9,0
708,60,Freetown,15,3.792764042125277,5,828.295895867684,28.014429970552904,9,3,53,1
709,21,Kenema,18,7.459085420141497,15,1954.4043927642679,40.83416933347568,3,4,2,1
710,26,Freetown,53,7.667823415466961,17,1108.0179875836134,67.0907431542199,1,0,13,0
711,21,Freetown,41,3.1828984892467367,12,618.8022289070927,92.809408869993,19,4,33,1
712,59,Freetown,39,4.599847164642117,16,161.9140951921334,60.41418857749943,9,1,48,1
713,55,Kenema,22,7.30987828627843,3,850.9265098074735,52.940542357856316,1,0,23,0
714,57,Kenema,31,4.314250966556198,14,1959.1120895437514,44.9699734440186,1,0,59,1
715,43,Makeni,57,7.456264777327302,14,914.9485237220804,94.19331263851593,29,3,29,1
716,53,Kenema,22,1.7490075958726505,16,1732.771265460386,50.653194379445466,16,3,54,1
717,38,Makeni,4,2.835951432484486,11,1661.6059885097568,57.98042566261801,14,3,15,1
718,54,Freetown,15,5.224661577903323,16,1722.8226778591036,33.96579681658103,17,3,35,1
719,37,Makeni,19,2.81265678292017,12,68.60953848109196,12.153636191854627,26,1,1,0
720,22,Kenema,10,3.963075538072551,9,152.3393346944688,47.77244723389864,9,2,59,1
721,68,Freetown,8,7.484110673164806,0,599.5587564261704,22.508632710259413,20,0,8,0
722,34,Freetown,58,6.453071336615347,19,885.2860111092502,7.575131971942145,3,1,32,1
723,30,Bo,56,6.115887588974529,0,1594.386415141134,98.73532310361729,11,1,30,0
724,23,Freetown,1,4.022347281773811,6,1249.386020328661,93.05621840385709,23,3,19,1
725,55,Bo,25,2.2853287402558062,4,1180.6676732930637,31.842275414270695,28,2,32,1
726,18,Freetown,3,6.206876363831783,9,211.0157081687905,19.679478849099304,12,4,54,1
727,37,Makeni,44,8.827131910092966,12,970.8415302245984,72.72382508774997,5,2,52,1
728,30,Freetown,23,1.0556544037680702,8,1630.832962158304,95.0951075149473,6,1,41,1
729,37,Freetown,17,5.807257265221275,14,1392.2599025158015,76.12635545171973,4,1,52,1
730,24,Freetown,39,1.8728088626448585,3,158.62833042472812,17.27626100976119,29,3,3,1
731,41,Freetown,9,5.894083633525722,3,1405.1917595868779,53.94086769672594,24,2,11,0
732,35,Freetown,30,2.5341626042347785,10,799.8058367272197,37.96110028587066,27,0,14,0
733,45,Makeni,35,4.041833954228525,18,1425.7055481125776,22.812923426303133,12,0,9,0
734,64,Kenema,59,5.5998443932515825,6,918.7597382616643,96.86200888873996,26,3,17,1
735,56,Freetown,29,8.811816640578126,17,1187.0562266958011,73.21134692206515,6,3,17,1
736,55,Kenema,9,3.1959577211722503,8,1935.1317436934607,96.02312138142713,4,3,29,1
737,21,Kenema,20,2.4457025135669563,11,387.3965460147705,30.34334604427277,15,3,37,1
738,21,Kenema,24,7.725678018038711,0,143.4320424310008,95.10943111382194,11,1,41,1
739,55,Makeni,12,4.7000207529536375,6,917.1899148737548,59.7717740453583,25,0,3,0
740,24,Bo,41,6.465919751137593,18,222.72776229145595,69.30286620361977,5,1,37,1
741,62,Bo,51,8.574598067884967,1,109.18992078935831,85.16222204753907,17,2,2,1
742,39,Bo,10,1.6539902882304105,18,438.23216887505504,38.04312300613937,6,4,55,1
743,19,Makeni,10,7.438277037060007,6,578.7273940921467,77.23118103339309,9,0,26,0
744,30,Kenema,21,9.788108764918691,5,1911.5993959141842,81.0130703614472,24,4,39,1
745,65,Bo,35,4.890079535540574,11,228.40066085554452,75.92730444119937,12,2,5,0
746,34,Makeni,40,1.5481498891166443,16,1418.0522679257374,5.933617494129845,19,1,51,1
747,45,Kenema,59,2.2334752254533994,14,1731.3122754777794,82.52877352685483,11,4,19,1
748,56,Kenema,13,1.9397383254830622,8,1159.5172288930394,55.49052839677298,9,0,56,1
749,57,Bo,16,1.0186886584007309,12,558.3821095590617,54.236573465427554,29,4,55,1
750,27,Bo,52,5.001648921225142,1,102.80821065659956,47.68047505423549,12,1,5,1
751,58,Kenema,32,3.905288141030653,19,553.3099041881587,49.07861465683617,6,0,44,1
752,28,Bo,23,7.982895290227237,13,1625.516789812587,77.93763868286209,24,3,48,1
753,46,Makeni,37,6.8176663770528005,16,943.808784881297,55.227195388984995,6,1,37,1
754,54,Bo,51,3.3860192537363387,9,892.4205899142072,99.90970231984628,22,0,15,0
755,55,Kenema,34,5.753703355807206,1,961.1589422146301,15.137622814723656,22,3,52,1
756,56,Freetown,20,1.443780883988422,12,552.0844721603152,17.887839380235885,20,2,37,1
757,22,Kenema,28,9.725418094655604,1,935.1559660225021,53.164963913618,18,0,28,0
758,68,Kenema,4,8.10186500483881,2,1225.6411210805989,67.15094389275623,5,1,10,0
759,44,Freetown,21,9.769953795746279,6,1952.423742355472,11.20129196881407,10,1,58,1
760,18,Kenema,35,6.85168449801088,2,1965.8410321724332,91.62276410624746,5,3,2,1
761,68,Bo,18,6.3342645997859,11,1658.81887232846,86.54139101918786,1,3,37,1
762,48,Bo,50,4.581643117426815,11,1866.3840355635273,37.13194189514206,15,0,2,0
763,27,Freetown,46,7.295808318539714,12,648.5155923134035,10.423962101254652,4,2,15,0
764,18,Makeni,37,8.827262963664705,2,1787.1226891647855,47.658587235146356,22,2,20,0
765,19,Bo,27,5.509362132861431,5,1166.8830392624193,18.03657892860275,24,2,7,0
766,25,Freetown,53,2.7324383557224436,6,248.66359007213526,91.55644763223597,20,3,7,1
767,63,Kenema,50,6.242803996966623,15,1383.3869917352554,76.54629048206904,21,3,19,1
768,62,Bo,37,6.290186044345163,6,1688.6789462975908,6.662330328801917,27,4,32,1
769,26,Freetown,27,1.2394752946991572,12,1483.6956102981123,64.43674172943804,27,4,4,1
770,59,Kenema,42,3.5541814873739423,3,1403.033165657678,34.05228357194808,8,4,26,1
771,18,Kenema,10,2.6569119102486125,9,256.0181736254149,82.22084229599199,28,1,5,0
772,19,Bo,58,8.51012427570487,17,159.617115646763,76.01446049091795,6,3,0,1
773,18,Freetown,59,1.2971074231029451,0,1910.176667426497,24.942214346064894,2,2,23,0
774,39,Makeni,44,9.233514549971902,12,462.84302568854315,18.702802006219834,2,3,35,1
775,33,Makeni,16,3.2804145894640104,16,1795.3992903655978,59.523267931683314,1,2,0,0
776,32,Bo,51,5.03174490743971,3,840.669768844316,98.48849907681885,17,1,38,1
777,58,Bo,50,3.270904698373707,6,1834.8153837395841,30.24012866229503,25,0,36,1
778,65,Kenema,2,6.523148689558692,8,485.018352331501,56.8385231720203,20,3,31,1
779,45,Freetown,1,3.7336154160258945,2,231.38394806221623,18.66745680261633,24,1,18,0
780,18,Freetown,51,7.602785563280037,10,1688.036722245362,56.77331641950171,3,3,51,1
781,35,Bo,16,4.293093687560268,8,497.31732920104497,25.73879562209367,11,4,53,1
782,43,Freetown,17,5.594682351689602,15,324.15424043806286,45.3544174447977,16,4,1,1
783,69,Makeni,46,9.819599026224505,13,1971.9214312079607,70.2344681137923,14,2,19,0
784,19,Kenema,41,8.713872456489241,18,1643.3588433751845,47.59291469984019,28,3,34,1
785,22,Freetown,58,5.043470922609848,9,1883.9695371003709,95.51926697120551,9,0,48,1
786,50,Makeni,36,3.4119754019594017,17,1828.806061723975,65.15197411509837,13,0,14,0
787,23,Makeni,42,4.377892111957124,14,1272.169029657546,18.87917372642542,11,2,13,0
788,20,Kenema,50,1.967054973660173,9,82.97995984713428,91.40862060112862,19,1,47,1
789,42,Freetown,38,3.3865366706502003,12,1342.5765858875982,96.71762028705902,4,3,33,1
790,61,Freetown,54,9.79694365783611,4,1930.4888063701737,20.55425099852124,29,2,29,0
791,67,Makeni,29,2.8337993726494934,2,558.2902269242263,13.790212664838318,1,2,45,1
792,21,Freetown,51,9.154908358123832,12,318.58149283122685,10.16306934312242,1,4,53,1
793,58,Makeni,31,8.0785514217531,11,525.2310132134683,34.06000725984439,4,1,41,1
794,61,Bo,56,4.247256802402023,10,1518.0525764281988,52.50322197911276,5,2,12,0
795,20,Bo,57,8.16751650357738,5,1211.0588631592113,89.22656694272784,16,3,1,1
796,28,Kenema,34,2.2988083931873335,17,232.44084347905434,6.5837973069651445,21,4,58,1
797,47,Bo,43,8.937779996265467,7,1920.2142724506866,23.27290449962193,7,0,18,0
798,22,Kenema,15,7.208121225815795,7,1893.7149780910254,65.05141158198688,26,2,49,1
799,59,Freetown,39,2.3096557034868246,8,1762.0578458743353,30.573025249964,15,1,31,1
800,29,Makeni,5,6.652274181125834,9,1668.3822067642645,44.48463929276974,21,4,27,1
801,50,Kenema,23,5.391101757513717,0,448.300112475973,64.54624985616017,15,4,38,1
802,50,Bo,48,2.1760536737193616,0,617.448809651093,87.55111497698515,17,1,23,0
803,35,Kenema,41,6.568722842118457,7,209.27554148939026,25.68386538589571,25,1,38,1
804,29,Kenema,14,2.1644255527003082,18,782.8513770654848,14.418880666374273,12,4,40,1
805,27,Freetown,55,2.4810945258640142,8,842.3478503793472,93.0256114057462,18,1,33,1
806,52,Bo,3,9.861183067385017,9,1349.494244155092,32.11338650402514,16,2,2,0
807,35,Kenema,9,9.659916191043502,19,1930.7520387965158,32.496454962852084,3,4,0,1
808,44,Makeni,29,1.9041179471287157,17,1042.8580328470753,7.343645681346279,15,2,21,0
809,53,Kenema,55,8.610778824619793,13,1288.7667253502077,8.948185585864563,9,0,42,1
810,33,Bo,49,4.0465619148292555,18,63.829034910023424,69.62381539138553,18,1,28,0
811,20,Bo,14,1.4037450186494531,15,1263.9666314014494,34.347183670157776,8,4,56,1
812,18,Freetown,27,2.253721048371229,9,1064.4523229828496,8.525765396418716,27,4,16,1
813,57,Bo,52,8.429813573683742,2,1593.0558929097003,24.086577270124632,21,4,8,1
814,38,Kenema,5,6.106988872209066,2,785.165038319552,96.66821714267346,6,4,50,1
815,45,Makeni,31,2.2875575745106214,10,77.32830917581111,58.851551162938996,2,1,38,1
816,54,Freetown,58,9.579847349808645,4,1811.221846909432,72.80209457428718,28,3,49,1
817,42,Bo,57,3.910985695901771,5,1647.5067135997194,55.96993279737758,4,4,18,1
818,29,Makeni,25,6.787548941860267,18,1536.9413736622928,60.56843492797856,6,4,56,1
819,64,Bo,3,5.516825779220533,19,937.1659154690874,76.58018251741566,7,1,19,0
820,33,Bo,52,3.6720610684123867,11,51.223657425489534,96.49394243529123,29,3,8,1
821,57,Bo,23,6.608240683730428,17,744.3312332823324,79.94682648175737,3,0,4,0
822,39,Makeni,41,8.863102311046738,9,297.26350829718206,87.32659041657283,25,4,59,1
823,33,Kenema,26,5.079407146795192,17,1713.6928339027106,60.22549687388007,0,0,20,0
824,34,Kenema,57,9.552513012502663,10,1094.5934923892582,42.44809698699125,18,4,38,1
825,30,Bo,23,1.4988969004711046,13,1130.6659194593428,60.85072086500738,28,0,18,0
826,44,Bo,35,5.749858588028028,4,1137.00988596902,97.94142672933854,23,4,10,1
827,44,Makeni,26,1.3164332524407474,16,680.1331736948637,56.69031927424952,7,3,34,1
828,66,Freetown,50,4.396136295072805,10,553.5422858569668,28.12936918634221,23,2,19,0
829,42,Bo,9,4.770396801855514,5,1562.9368771454344,37.17963079857098,0,4,5,1
830,62,Bo,47,5.1634927293128055,14,1645.6859934067945,69.91600444963434,6,1,30,0
831,41,Kenema,31,3.407743272235081,9,1062.4536004767472,27.265158614398175,25,4,53,1
832,44,Freetown,59,5.903422081060886,19,575.9978084538458,71.72787850265686,27,2,7,0
833,37,Bo,42,2.818728424778687,18,264.6438323530615,41.42184704503986,10,0,47,1
834,56,Makeni,30,2.3613785601640833,18,605.1157407506041,40.717266083268214,14,4,49,1
835,60,Bo,44,6.585011623211127,1,1294.782627004925,71.44155039379989,5,2,25,0
836,68,Kenema,28,1.9756033544496046,1,1758.0693932630998,79.40020275765077,22,1,13,0
837,27,Kenema,9,2.5739554257537636,2,1361.6564698772406,21.47262628958134,6,3,10,1
838,56,Freetown,21,7.509972735945668,9,315.3096571417037,84.42749557555169,27,3,43,1
839,49,Bo,23,8.998718651324316,12,170.26543806086704,47.75609618949703,24,2,34,1
840,54,Freetown,58,1.4754330451774225,17,1270.3903302156327,10.17838135430336,10,1,5,0
841,39,Bo,3,2.5373233567558966,11,435.4960910732507,35.28764567293544,22,4,16,1
842,49,Kenema,30,1.1978363332866062,13,1615.259940405242,79.8633392096271,18,2,17,0
843,41,Freetown,56,8.04471106826248,5,1878.088286178254,70.73309951032624,21,0,17,0
844,61,Makeni,57,1.6527008525903328,10,1421.3961053823884,43.240003771563494,1,2,21,0
845,59,Kenema,52,3.327015372762213,9,707.5643562922572,43.2147392999365,23,1,53,1
846,62,Freetown,8,4.156388091928759,3,1557.0381626816816,81.30119860510946,29,1,56,1
847,54,Bo,7,2.7134360766733128,7,765.1077217579082,15.051477361368852,13,4,49,1
848,55,Makeni,42,4.194380808712146,17,1031.1993757501218,51.861678597163205,4,2,43,1
849,48,Kenema,42,2.4324317559444686,19,740.6006836810152,44.850741083532874,22,4,6,1
850,63,Bo,42,7.664585690964867,18,1526.007347997677,62.63803918715037,15,4,41,1
851,42,Makeni,14,6.01154825221217,11,1789.1526035163993,32.280652687402956,26,1,3,0
852,68,Kenema,28,9.91673928453897,14,1771.5051672230627,49.934106401324506,21,2,36,1
853,58,Bo,11,5.507889453006392,15,1963.7717785979492,14.2507892652604,7,3,28,1
854,47,Bo,9,1.590634793600358,14,1121.353072518881,61.132295402535874,22,4,53,1
855,50,Kenema,6,5.870833891941685,11,1617.5267781852042,53.344099241553344,0,2,51,1
856,50,Bo,40,1.9224669627029152,4,1094.1566518310606,13.088645472827803,8,2,49,1
857,24,Kenema,53,7.285041741514624,19,622.8992177759386,68.84499134800939,13,1,45,1
858,39,Kenema,48,1.1953008574798747,7,1280.8167522171389,20.543566430542732,7,4,26,1
859,45,Makeni,34,8.279195000510356,14,755.4482082490034,54.804198451084986,19,4,8,1
860,50,Makeni,49,6.19468008600978,12,1313.0541061201934,7.783447094824744,23,2,56,1
861,30,Freetown,20,1.733265079416477,14,427.01150554350176,95.32074775520381,2,2,11,0
862,27,Freetown,49,9.810276005079098,16,803.4178674167736,30.389575088970865,20,1,13,0
863,56,Makeni,40,2.70941269294918,0,948.3887341291371,32.19658690063439,23,2,12,0
864,69,Kenema,38,8.251875264639981,10,1659.2348999717526,87.479292199003,28,2,55,1
865,50,Bo,29,5.663851589642688,6,123.1808821870161,59.076870148687554,9,1,39,1
866,26,Freetown,34,3.800752640236083,12,457.663351122689,85.60580994370527,11,0,1,0
867,30,Kenema,29,6.239303225332678,17,745.7024561810399,20.605692698313163,14,0,19,0
868,59,Makeni,37,2.734219852236712,8,1232.452928116953,69.35901865279747,24,4,54,1
869,38,Freetown,31,9.710781093562197,4,1785.180968472206,62.05080297960941,27,2,24,0
870,68,Kenema,47,7.595897075955086,6,1041.2932007509548,99.22402028404488,6,4,54,1
871,67,Bo,8,7.545416234071906,16,1285.8204700211559,18.348193795316362,11,2,47,1
872,25,Kenema,42,5.939018733367105,16,1602.757081738462,60.39143002010364,15,0,15,0
873,36,Makeni,56,3.8312887007265983,7,1048.5727245623948,94.36556783370702,25,3,59,1
874,29,Kenema,17,2.7924120783736033,14,878.3486535962529,41.62748764170858,24,1,14,0
875,49,Bo,58,5.18749778148331,11,163.5637700995367,29.916060572423564,21,0,4,0
876,35,Makeni,8,7.4930424139861485,19,1885.493911368256,88.75535817166401,11,4,27,1
877,23,Kenema,20,4.408067889755052,4,1911.124421626094,88.0460475407965,21,2,19,0
878,68,Bo,39,5.852744147145829,4,1939.1886466267188,51.000248238025954,26,3,33,1
879,67,Kenema,58,1.295710279663567,16,1023.3811748621904,62.05762977278234,21,0,2,0
880,55,Makeni,34,3.387056702524071,16,1387.8777501897994,95.13509728073223,9,2,19,0
881,35,Freetown,44,7.897161525016512,16,1333.0023268489551,83.2701562543431,5,2,40,1
882,64,Bo,36,6.598082699280825,4,1103.1546777482818,76.21335701683847,7,2,2,0
883,35,Freetown,51,9.733946939956876,18,269.15256796847535,30.507967139019357,19,2,38,1
884,66,Freetown,12,3.690335350884999,12,851.0919713564841,25.681480891437083,3,4,36,1
885,69,Makeni,55,2.9960154274019177,6,1571.9187198413022,24.11164706744355,0,1,23,0
886,28,Freetown,12,8.268632826066776,2,1554.3730224762326,91.93818793846512,22,2,41,1
887,54,Kenema,24,8.866982062232474,15,109.39272573746877,13.633271145116595,28,4,30,1
888,19,Kenema,15,7.634973012141743,10,1273.2625671700118,49.8113828546649,28,4,36,1
889,34,Freetown,44,1.720164427819114,18,750.9560126151899,86.54509363836755,8,2,23,0
890,23,Freetown,26,9.327593753138396,6,1742.5349519041558,52.469906876875896,10,1,18,0
891,21,Bo,6,6.030579162433392,16,705.9677606356734,54.3070608899628,8,0,32,1
892,18,Kenema,6,7.692422658045559,17,1513.030067469955,35.142453458711,4,3,0,1
893,69,Kenema,18,7.417128626755668,8,764.2584531027182,10.028913879037734,28,3,36,1
894,43,Freetown,17,6.1924251101035575,1,351.94071956253714,38.83842462883105,19,4,12,1
895,54,Kenema,25,1.0527825509844517,6,203.09424348453922,88.7195164374861,20,3,28,1
896,45,Makeni,24,8.935380726747262,2,1886.7158951578194,75.25850857057047,27,1,17,0
897,39,Bo,49,1.4423355131065934,12,422.5711717253985,80.09879271569653,13,2,46,1
898,68,Kenema,49,3.4508385746297447,2,279.128588414128,28.93983105618681,28,2,16,0
899,57,Freetown,21,2.91049763756963,19,1064.2629531801354,50.09850707718022,9,2,59,1
900,23,Makeni,24,3.7751690950857886,11,1745.6052792754756,77.58908072499354,12,4,5,1
901,18,Bo,50,2.79702764236582,8,773.9782949855179,52.66142077061036,18,4,5,1
902,52,Bo,1,2.5451037553889524,13,1625.2713310619135,70.82345063118196,9,1,38,1
903,24,Kenema,36,5.943937286674135,19,1863.093859129481,95.04702698991153,23,0,30,0
904,58,Bo,2,3.040608042085253,5,1223.8636383001822,71.25754367560907,23,2,14,0
905,62,Makeni,28,2.7059995768324643,9,1789.8639352993075,45.939426969241055,14,1,17,0
906,69,Freetown,24,3.154328527078417,1,865.0385906270798,28.863240437424388,5,1,4,0
907,28,Freetown,34,8.275220402482665,0,806.714024808866,80.61668351205772,20,3,11,1
908,39,Makeni,18,2.172861892821618,0,723.9727222205099,81.73172505918542,4,2,23,0
909,48,Kenema,13,6.704049562725588,15,543.7422685714545,57.753103406177225,15,0,48,1
910,28,Kenema,35,5.653056548887378,10,1082.666727389716,43.08380283715149,9,3,28,1
911,60,Kenema,52,8.111182363534976,9,474.67256344675866,69.31859241379097,29,1,31,1
912,43,Kenema,1,3.6523123289697517,9,1163.8651896154586,75.81278521844625,19,2,8,0
913,39,Bo,46,8.186358186373829,16,570.9722620465803,28.231342083508437,27,4,3,1
914,26,Freetown,22,8.413700157210698,17,1721.2066052446269,44.4351818012186,18,4,15,1
915,18,Kenema,37,8.44823095732632,6,883.9547173571297,61.62607345455653,25,4,32,1
916,19,Bo,47,1.036955826077036,19,71.47604875443454,44.5804235543063,23,3,36,1
917,21,Freetown,25,1.0344726145029033,12,514.3434443452975,94.15252583898872,0,1,18,0
918,26,Makeni,35,5.293988359245335,6,1989.4003005348234,69.52131145610932,27,2,56,1
919,22,Freetown,58,6.286130121187251,8,389.7108163892124,96.47470524691357,26,0,5,0
920,51,Kenema,9,6.383687499446758,16,1223.5613798344434,11.127572075223371,1,0,28,0
921,31,Makeni,36,3.3786977749637943,14,610.1206285509396,53.57721353063261,3,3,15,1
922,68,Makeni,38,1.1352028778250967,9,659.7909255258432,60.87365213931182,6,1,0,0
923,56,Freetown,1,3.8434224014707308,14,1472.0184857402576,88.1009719814526,8,1,59,1
924,63,Makeni,33,4.6926352264955185,1,699.2653980242656,16.870873777981714,12,0,4,0
925,33,Kenema,49,2.6913336208641585,15,338.7165310032178,14.375096637192458,13,2,27,0
926,59,Makeni,35,7.6552718849570205,16,881.3206732818676,36.701899719684846,26,1,4,0
927,23,Bo,31,6.998732486068453,16,1624.6956980260866,53.324975314987505,0,3,35,1
928,42,Kenema,9,5.682912635722472,11,1951.7268438037192,96.74819216900728,5,1,1,0
929,47,Bo,32,2.119907871520797,9,1926.2819587420831,32.542852450137715,17,4,14,1
930,61,Makeni,10,4.269903148776016,13,811.0614218931161,15.078719063226371,10,4,42,1
931,37,Makeni,21,2.5025516113102224,17,286.2531494589216,13.113805866785203,8,2,30,0
932,59,Kenema,4,1.6456180937268248,5,492.1793039310061,93.49158675729798,16,2,50,1
933,66,Bo,29,7.619305494999229,10,1984.5457909531447,64.76894922718031,6,1,55,1
934,39,Freetown,19,5.791242113751834,9,641.5603503176324,42.31971226573322,1,1,15,0
935,26,Makeni,13,4.847568018333846,2,1479.0347576812103,36.94926896930623,1,2,40,1
936,65,Bo,38,7.3375800057522085,7,108.09148286361324,5.929041129047377,9,3,34,1
937,27,Kenema,11,2.8618468788005904,13,748.5271304239919,19.19294190310837,1,2,40,1
938,20,Freetown,18,4.452106519065628,19,1008.8889888870294,90.14244366888265,25,1,57,1
939,35,Bo,25,8.729574250728342,18,1276.3026316059452,77.4705507229155,11,0,35,1
940,34,Bo,51,5.347596206739724,8,861.3378072969381,97.89610088266927,10,3,34,1
941,64,Bo,11,4.414290383837679,19,1826.1267426300199,63.458044859714555,14,3,47,1
942,65,Kenema,21,6.092997445915831,19,1250.3276152266994,8.75796312344825,8,3,11,1
943,26,Freetown,48,6.886697976601728,5,1047.601690760771,20.097852850196297,23,2,48,1
944,30,Freetown,58,5.481537333240375,1,654.5663468242776,82.13693552712617,0,4,47,1
945,37,Kenema,32,7.869654207975534,0,316.18087356298525,26.72372138153732,26,1,16,0
946,49,Kenema,8,1.0638687924539845,19,1647.826550384661,39.18336556047382,15,2,52,1
947,66,Kenema,43,5.7820595791294815,16,829.4531244001338,95.60184451671225,14,1,27,0
948,40,Bo,30,8.653865389110353,0,857.9376773394049,15.676674685614767,9,0,53,1
949,61,Kenema,29,7.941187666298602,19,125.68524823301412,23.44223319236736,19,0,7,0
950,42,Bo,9,5.253182677394701,1,1760.9443235205365,8.826724139728132,7,4,51,1
951,32,Freetown,22,1.7504114839188358,2,1860.590116290368,60.07502591927834,8,1,2,0
952,27,Freetown,39,3.1270846899538864,14,1339.632772760141,42.239814169469106,4,2,56,1
953,46,Kenema,35,1.0021690421662108,14,520.4264552741543,24.78202181778037,2,0,57,1
954,58,Kenema,26,7.382144723373436,1,91.06267793482408,8.460417113663414,12,3,26,1
955,68,Makeni,52,5.956214902253151,16,1642.7470706699776,96.16125402287723,8,4,39,1
956,62,Kenema,43,9.858897809326372,11,797.7881890213329,19.461680322102346,8,1,35,1
957,37,Bo,41,5.011568388125823,12,1680.4313003128332,30.17187084776709,11,4,19,1
958,42,Makeni,21,6.814422496869364,10,343.6913584836123,93.60156955153546,24,2,51,1
959,49,Freetown,14,2.219450670359603,0,922.7614034905456,83.79574269122809,8,2,18,0
960,40,Freetown,54,8.99054130333592,17,937.4922505139004,57.811641622060435,25,1,24,0
961,33,Kenema,26,7.093844063052799,14,1568.105966120244,17.446388771794233,22,2,7,0
962,51,Bo,27,2.6463063336587624,9,761.8427550505729,46.081530838067785,3,4,41,1
963,46,Freetown,4,6.010383308975685,0,1489.6762454327,36.88287820288562,19,4,59,1
964,19,Makeni,19,6.885947992782235,12,1256.241040690625,34.4354760915616,8,2,59,1
965,26,Makeni,28,2.1439235239366634,0,745.6101801523674,61.28588442065166,29,4,17,1
966,64,Bo,39,9.709659591931775,16,677.0065731758492,99.83223245372844,22,1,53,1
967,37,Kenema,31,1.2537220640249993,6,527.2529052920081,88.7411528609465,6,3,29,1
968,54,Kenema,3,7.195611616384211,17,358.9822583524878,79.82929983189665,11,3,46,1
969,26,Kenema,42,2.102332751652675,12,1091.3704207490803,88.54895588362977,25,1,29,0
970,50,Makeni,22,5.30831548512399,16,386.0809675826784,76.47184190789908,17,1,7,0
971,23,Bo,39,9.259827783716446,9,435.02519332770686,98.49129396349254,8,4,57,1
972,20,Kenema,33,1.417625974136131,19,1266.7210433924279,64.47931968876944,5,4,20,1
973,50,Makeni,52,1.9356343832115062,18,1926.6123670863303,89.57096370268282,14,2,42,1
974,32,Bo,52,6.228717279684332,8,1473.2837795220157,44.03862597146203,27,4,54,1
975,68,Freetown,32,7.80610230834592,5,588.0601810026227,90.97137861614183,10,3,50,1
976,36,Freetown,27,1.9085291347243656,18,1925.6820655151305,66.9971914454668,17,3,35,1
977,59,Freetown,17,4.686048345362583,3,1571.1638462831813,78.26635745258835,9,0,30,0
978,20,Kenema,2,3.2929082769575806,16,1833.3259999140093,15.740031944278462,17,0,47,1
979,56,Kenema,55,2.1797187553423276,3,1544.006348086417,93.58217794584833,17,2,55,1
980,64,Bo,39,1.744644731383644,9,1834.4125000482459,32.86811953365851,4,2,30,0
981,69,Bo,39,2.536914340030032,1,571.0592961978444,53.365771592814596,5,0,35,1
982,44,Kenema,5,9.43934153841431,16,1828.8963941472534,94.87718371653898,13,4,10,1
983,62,Bo,22,5.9175142049056255,8,1160.479203592871,37.60151643469194,10,0,28,0
984,56,Makeni,10,8.988474965445594,8,767.308854484544,18.568290496253844,21,1,24,0
985,32,Bo,24,9.15023923815819,13,283.5319345427846,55.53363286751519,26,4,37,1
986,47,Kenema,39,2.4661238902965463,14,1634.206632366606,86.07259468600945,0,2,49,1
987,63,Bo,11,4.554506674193159,9,545.3604847080226,98.30284252143429,25,4,12,1
988,26,Kenema,11,8.353004351478676,5,847.1463836787865,36.04344432472929,21,4,46,1
989,44,Bo,52,5.010749207399457,13,1796.5060984744782,16.984544147342596,1,1,47,1
990,27,Bo,17,7.82546294430926,12,1231.7269722753585,59.17968824351787,25,4,58,1
991,45,Freetown,37,5.536630717735819,8,1112.5192877573172,31.933183075739244,14,0,11,0
992,22,Makeni,6,5.435032112784601,0,363.3910309224221,97.93521903530004,16,2,59,1
993,60,Freetown,50,8.214575373838302,1,1279.314355843641,32.827894323296675,28,0,48,1
994,29,Makeni,20,8.496947246977005,17,630.2628970595902,79.98261219432494,17,4,45,1
995,59,Kenema,33,3.3761156146470372,15,60.52715725817096,68.50796560934336,21,1,0,0
996,41,Makeni,9,5.788781415442102,11,990.5946067363683,71.77231218475963,29,2,26,0
997,39,Bo,58,6.16142587501879,11,469.7254499768597,86.85437025797795,12,2,52,1
998,63,Freetown,10,1.448029013707394,15,573.575148585116,67.15239909480519,10,3,35,1
999,34,Freetown,11,5.094556991577997,2,968.0307441747792,72.13103956614873,18,2,36,1
1000,63,Freetown,35,2.4595365442346924,3,1970.583793732964,12.21938310000402,18,1,16,0
